flow_id,src_ip,dst_ip,src_port,dst_port,protocol,start_time,end_time,flow_duration_sec,packet_count,total_bytes,total_payload_bytes,bytes_per_sec,pkts_per_sec,payload_bytes_per_sec,iat_mean,iat_std,iat_min,iat_max,iat_total,pkt_len_mean,pkt_len_std,pkt_len_min,pkt_len_max,payload_len_mean,payload_len_std,payload_len_min,payload_len_max,payload_ratio,syn_count,ack_count,fin_count,rst_count,psh_count,urg_count,cwr_count,ece_count,tcp_win_init,tcp_win_mean,tcp_win_min,tcp_win_max,icmp_type,icmp_code,is_single_packet
2409:40c4:2024:5958:51ff:38d8:7ac5:9d74:53464->2a03:2880:f311:22:face:b00c:0:4420:443_UDP,2409:40c4:2024:5958:51ff:38d8:7ac5:9d74,2a03:2880:f311:22:face:b00c:0:4420,53464,443,UDP,1788060238.214662,1788060238.580321,0.365659,4,1883,1635,5149.6066,10.9392,4471.3791,0.121886,0.12002,0.000167,0.240132,0.365659,470.75,442.686,97,975,408.75,442.686,35,913,0.8683,0,0,0,0,0,0,0,0,0,0.0,0,0,-1,-1,0
2a03:2880:f311:22:face:b00c:0:4420:443->2409:40c4:2024:5958:51ff:38d8:7ac5:9d74:53464_UDP,2a03:2880:f311:22:face:b00c:0:4420,2409:40c4:2024:5958:51ff:38d8:7ac5:9d74,443,53464,UDP,1788060238.300113,1788060238.670973,0.37086,3,1322,1136,3564.6911,8.0893,3063.1536,0.18543,0.091862,0.120473,0.250386,0.37086,440.6667,572.7315,110,1102,378.6667,572.7315,48,1040,0.8593,0,0,0,0,0,0,0,0,0,0.0,0,0,-1,-1,0
2409:40c4:2024:5958:51ff:38d8:7ac5:9d74:60598->2001:4860:4842:400:::443_TCP,2409:40c4:2024:5958:51ff:38d8:7ac5:9d74,2001:4860:4842:400::,60598,443,TCP,1788060238.932498,1788060269.038973,30.106474,3,225,3,7.4735,0.0996,0.0996,15.053237,0.0139,15.043409,15.063066,30.106474,75.0,0.0,75,75,1.0,0.0,1,1,0.0133,0,3,0,0,0,0,0,0,252,252.0,252,252,-1,-1,0
2001:4860:4842:400:::443->2409:40c4:2024:5958:51ff:38d8:7ac5:9d74:60598_TCP,2001:4860:4842:400::,2409:40c4:2024:5958:51ff:38d8:7ac5:9d74,443,60598,TCP,1788060238.992608,1788060269.109909,30.117301,3,258,0,8.5665,0.0996,0.0,15.05865,0.019045,15.045183,15.072118,30.117301,86.0,0.0,86,86,0.0,0.0,0,0,0.0,0,3,0,0,0,0,0,0,1046,1046.0,1046,1046,-1,-1,0
2606:4700:90:0:f22e:fbec:5bed:a9b9:443->2409:40c4:2024:5958:51ff:38d8:7ac5:9d74:58270_TCP,2606:4700:90:0:f22e:fbec:5bed:a9b9,2409:40c4:2024:5958:51ff:38d8:7ac5:9d74,443,58270,TCP,1788060240.228513,1788060256.721142,16.492629,8,952,360,57.7228,0.4851,21.8279,2.35609,1.190592,5.4e-05,3.099977,16.492629,119.0,27.7746,74,134,45.0,27.7746,0,60,0.3782,0,8,1,0,6,0,0,0,16,16.0,16,16,-1,-1,0
2409:40c4:2024:5958:51ff:38d8:7ac5:9d74:58270->2606:4700:90:0:f22e:fbec:5bed:a9b9:443_TCP,2409:40c4:2024:5958:51ff:38d8:7ac5:9d74,2606:4700:90:0:f22e:fbec:5bed:a9b9,58270,443,TCP,1788060240.270944,1788060256.721166,16.450222,9,696,30,42.3095,0.5471,1.8237,2.056278,1.377307,0.000147,3.102347,16.450222,77.3333,10.0,74,104,3.3333,10.0,0,30,0.0431,0,9,1,0,1,0,0,0,252,251.56,251,252,-1,-1,0
2409:40c4:2024:5958:51ff:38d8:7ac5:9d74:49765->2001:4860:4843:400:::443_TCP,2409:40c4:2024:5958:51ff:38d8:7ac5:9d74,2001:4860:4843:400::,49765,443,TCP,1788060241.505740,1788060271.662438,30.156698,3,225,3,7.461,0.0995,0.0995,15.078349,0.014176,15.068325,15.088373,30.156698,75.0,0.0,75,75,1.0,0.0,1,1,0.0133,0,3,0,0,0,0,0,0,253,253.0,253,253,-1,-1,0
2001:4860:4843:400:::443->2409:40c4:2024:5958:51ff:38d8:7ac5:9d74:49765_TCP,2001:4860:4843:400::,2409:40c4:2024:5958:51ff:38d8:7ac5:9d74,443,49765,TCP,1788060241.570138,1788060271.699848,30.12971,3,258,0,8.563,0.0996,0.0,15.064855,0.03225,15.042051,15.087659,30.12971,86.0,0.0,86,86,0.0,0.0,0,0,0.0,0,3,0,0,0,0,0,0,1044,1044.0,1044,1044,-1,-1,0
172.20.10.6:59666->192.168.4.11:445_TCP,172.20.10.6,192.168.4.11,59666,445,TCP,1788060241.899522,1788060241.899522,0.0,1,66,0,0.0,0.0,0.0,0.0,0.0,0.0,0.0,0.0,66.0,0.0,66,66,0.0,0.0,0,0,0.0,1,0,0,0,0,0,0,0,65535,65535.0,65535,65535,-1,-1,1
172.20.10.6:59667->192.168.4.2:445_TCP,172.20.10.6,192.168.4.2,59667,445,TCP,1788060241.915556,1788060241.915556,0.0,1,66,0,0.0,0.0,0.0,0.0,0.0,0.0,0.0,0.0,66.0,0.0,66,66,0.0,0.0,0,0,0.0,1,0,0,0,0,0,0,0,65535,65535.0,65535,65535,-1,-1,1
2409:40c4:2024:5958:51ff:38d8:7ac5:9d74:63672->64:ff9b::a752:398c:443_TCP,2409:40c4:2024:5958:51ff:38d8:7ac5:9d74,64:ff9b::a752:398c,63672,443,TCP,1788060242.202629,1788060242.202629,0.0,1,75,1,0.0,0.0,0.0,0.0,0.0,0.0,0.0,0.0,75.0,0.0,75,75,1.0,0.0,1,1,0.0133,0,1,0,0,0,0,0,0,252,252.0,252,252,-1,-1,1
64:ff9b::a752:398c:443->2409:40c4:2024:5958:51ff:38d8:7ac5:9d74:63672_TCP,64:ff9b::a752:398c,2409:40c4:2024:5958:51ff:38d8:7ac5:9d74,443,63672,TCP,1788060242.248429,1788060242.248429,0.0,1,86,0,0.0,0.0,0.0,0.0,0.0,0.0,0.0,0.0,86.0,0.0,86,86,0.0,0.0,0,0,0.0,0,1,0,0,0,0,0,0,425,425.0,425,425,-1,-1,1
2409:40c4:2024:5958:51ff:38d8:7ac5:9d74:62771->2a04:4e42:fe7::396:443_TCP,2409:40c4:2024:5958:51ff:38d8:7ac5:9d74,2a04:4e42:fe7::396,62771,443,TCP,1788060242.973542,1788060242.973542,0.0,1,75,1,0.0,0.0,0.0,0.0,0.0,0.0,0.0,0.0,75.0,0.0,75,75,1.0,0.0,1,1,0.0133,0,1,0,0,0,0,0,0,2047,2047.0,2047,2047,-1,-1,1
2a04:4e42:fe7::396:443->2409:40c4:2024:5958:51ff:38d8:7ac5:9d74:62771_TCP,2a04:4e42:fe7::396,2409:40c4:2024:5958:51ff:38d8:7ac5:9d74,443,62771,TCP,1788060243.016199,1788060243.016199,0.0,1,86,0,0.0,0.0,0.0,0.0,0.0,0.0,0.0,0.0,86.0,0.0,86,86,0.0,0.0,0,0,0.0,0,1,0,0,0,0,0,0,422,422.0,422,422,-1,-1,1
2409:40c4:2024:5958:51ff:38d8:7ac5:9d74:57405->64:ff9b::2236:546e:443_TCP,2409:40c4:2024:5958:51ff:38d8:7ac5:9d74,64:ff9b::2236:546e,57405,443,TCP,1788060243.423611,1788060273.972433,30.548822,3,307,85,10.0495,0.0982,2.7824,15.274411,20.918276,0.482956,30.065866,30.548822,102.3333,23.8607,75,119,28.3333,23.8607,1,45,0.2769,0,3,0,0,2,0,0,0,252,252.0,252,252,-1,-1,0
64:ff9b::2236:546e:443->2409:40c4:2024:5958:51ff:38d8:7ac5:9d74:57405_TCP,64:ff9b::2236:546e,2409:40c4:2024:5958:51ff:38d8:7ac5:9d74,443,57405,TCP,1788060243.487713,1788060274.038380,30.550667,4,385,77,12.602,0.1309,2.5204,10.183556,17.228754,0.055432,30.076501,30.550667,96.25,36.9358,74,151,19.25,38.5,0,77,0.2,0,4,0,0,1,0,0,0,1043,1043.0,1043,1043,-1,-1,0
2409:40c4:2024:5958:51ff:38d8:7ac5:9d74:52051->2001:4860:4843:400:::443_TCP,2409:40c4:2024:5958:51ff:38d8:7ac5:9d74,2001:4860:4843:400::,52051,443,TCP,1788060243.881732,1788060274.386653,30.504922,6,1032,588,33.8306,0.1967,19.2756,6.100984,8.167815,0.00535,15.080625,30.504922,172.0,239.0707,74,660,98.0,239.0707,0,586,0.5698,0,6,0,0,1,0,0,0,255,255.0,255,255,-1,-1,0
2001:4860:4843:400:::443->2409:40c4:2024:5958:51ff:38d8:7ac5:9d74:52051_TCP,2001:4860:4843:400::,2409:40c4:2024:5958:51ff:38d8:7ac5:9d74,443,52051,TCP,1788060243.950385,1788060274.457455,30.50707,9,7504,6814,245.9758,0.295,223.3581,3.813384,6.956079,1.3e-05,15.082549,30.50707,833.7778,587.0183,74,1294,757.1111,590.8512,0,1220,0.908,0,9,0,0,4,0,0,0,1042,1042.0,1042,1042,-1,-1,0
2409:40c4:2024:5958:51ff:38d8:7ac5:9d74:61950->64:ff9b::4819:4020:443_TCP,2409:40c4:2024:5958:51ff:38d8:7ac5:9d74,64:ff9b::4819:4020,61950,443,TCP,1788060243.952188,1788060243.952188,0.0,1,75,1,0.0,0.0,0.0,0.0,0.0,0.0,0.0,0.0,75.0,0.0,75,75,1.0,0.0,1,1,0.0133,0,1,0,0,0,0,0,0,252,252.0,252,252,-1,-1,1
2409:40c4:2024:5958:51ff:38d8:7ac5:9d74:61951->64:ff9b::4819:4020:443_TCP,2409:40c4:2024:5958:51ff:38d8:7ac5:9d74,64:ff9b::4819:4020,61951,443,TCP,1788060243.952188,1788060243.952188,0.0,1,75,1,0.0,0.0,0.0,0.0,0.0,0.0,0.0,0.0,75.0,0.0,75,75,1.0,0.0,1,1,0.0133,0,1,0,0,0,0,0,0,255,255.0,255,255,-1,-1,1
2409:40c4:2024:5958:51ff:38d8:7ac5:9d74:62878->64:ff9b::a752:398c:443_TCP,2409:40c4:2024:5958:51ff:38d8:7ac5:9d74,64:ff9b::a752:398c,62878,443,TCP,1788060244.032843,1788060244.032843,0.0,1,75,1,0.0,0.0,0.0,0.0,0.0,0.0,0.0,0.0,75.0,0.0,75,75,1.0,0.0,1,1,0.0133,0,1,0,0,0,0,0,0,251,251.0,251,251,-1,-1,1
64:ff9b::a752:398c:443->2409:40c4:2024:5958:51ff:38d8:7ac5:9d74:62878_TCP,64:ff9b::a752:398c,2409:40c4:2024:5958:51ff:38d8:7ac5:9d74,443,62878,TCP,1788060244.078043,1788060244.078043,0.0,1,86,0,0.0,0.0,0.0,0.0,0.0,0.0,0.0,0.0,86.0,0.0,86,86,0.0,0.0,0,0,0.0,0,1,0,0,0,0,0,0,456,456.0,456,456,-1,-1,1
64:ff9b::4819:4020:443->2409:40c4:2024:5958:51ff:38d8:7ac5:9d74:61951_TCP,64:ff9b::4819:4020,2409:40c4:2024:5958:51ff:38d8:7ac5:9d74,443,61951,TCP,1788060244.230858,1788060244.230858,0.0,1,74,0,0.0,0.0,0.0,0.0,0.0,0.0,0.0,0.0,74.0,0.0,74,74,0.0,0.0,0,0,0.0,0,1,0,0,0,0,0,0,501,501.0,501,501,-1,-1,1
64:ff9b::4819:4020:443->2409:40c4:2024:5958:51ff:38d8:7ac5:9d74:61950_TCP,64:ff9b::4819:4020,2409:40c4:2024:5958:51ff:38d8:7ac5:9d74,443,61950,TCP,1788060244.230871,1788060244.230871,0.0,1,74,0,0.0,0.0,0.0,0.0,0.0,0.0,0.0,0.0,74.0,0.0,74,74,0.0,0.0,0,0,0.0,0,1,0,0,0,0,0,0,512,512.0,512,512,-1,-1,1
2409:40c4:2024:5958:51ff:38d8:7ac5:9d74:61548->2001:4860:4843:400:::443_TCP,2409:40c4:2024:5958:51ff:38d8:7ac5:9d74,2001:4860:4843:400::,61548,443,TCP,1788060245.414659,1788060275.547954,30.133295,3,225,3,7.4668,0.0996,0.0996,15.066648,0.00265,15.064774,15.068521,30.133295,75.0,0.0,75,75,1.0,0.0,1,1,0.0133,0,3,0,0,0,0,0,0,255,255.0,255,255,-1,-1,0
2001:4860:4843:400:::443->2409:40c4:2024:5958:51ff:38d8:7ac5:9d74:61548_TCP,2001:4860:4843:400::,2409:40c4:2024:5958:51ff:38d8:7ac5:9d74,443,61548,TCP,1788060245.479803,1788060275.609859,30.130056,3,258,0,8.5629,0.0996,0.0,15.065028,0.00686,15.060178,15.069879,30.130056,86.0,0.0,86,86,0.0,0.0,0,0,0.0,0,3,0,0,0,0,0,0,1031,1031.0,1031,1031,-1,-1,0
2404:6800:4013:813::5f:443->2409:40c4:2024:5958:51ff:38d8:7ac5:9d74:49683_UDP,2404:6800:4013:813::5f,2409:40c4:2024:5958:51ff:38d8:7ac5:9d74,443,49683,UDP,1788060248.551268,1788060279.172203,30.620934,9,2555,1997,83.4396,0.2939,65.2168,3.827617,4.806095,0.065974,13.965405,30.620934,283.8889,105.5076,88,337,221.8889,105.5076,26,275,0.7816,0,0,0,0,0,0,0,0,0,0.0,0,0,-1,-1,0
2409:40c4:2024:5958:51ff:38d8:7ac5:9d74:49683->2404:6800:4013:813::5f:443_UDP,2409:40c4:2024:5958:51ff:38d8:7ac5:9d74,2404:6800:4013:813::5f,49683,443,UDP,1788060248.551416,1788060279.113189,30.561774,12,3917,3173,128.1666,0.3926,103.8225,2.778343,4.818584,2.6e-05,15.425458,30.561774,326.4167,459.516,96,1292,264.4167,459.516,34,1230,0.8101,0,0,0,0,0,0,0,0,0,0.0,0,0,-1,-1,0
fe80::4271:f819:8915:590a:54929->fe80::f8d3:f0ff:febe:3364:53_UDP,fe80::4271:f819:8915:590a,fe80::f8d3:f0ff:febe:3364,54929,53,UDP,1788060249.293771,1788060253.153675,3.859903,2,205,81,53.1101,0.5181,20.985,3.859903,0.0,3.859903,3.859903,3.859903,102.5,16.2635,91,114,40.5,16.2635,29,52,0.3951,0,0,0,0,0,0,0,0,0,0.0,0,0,-1,-1,0
fe80::f8d3:f0ff:febe:3364:53->fe80::4271:f819:8915:590a:54929_UDP,fe80::f8d3:f0ff:febe:3364,fe80::4271:f819:8915:590a,53,54929,UDP,1788060249.332506,1788060253.221509,3.889003,2,485,361,124.7106,0.5143,92.8258,3.889003,0.0,3.889003,3.889003,3.889003,242.5,57.2756,202,283,180.5,57.2756,140,221,0.7443,0,0,0,0,0,0,0,0,0,0.0,0,0,-1,-1,0
fe80::4271:f819:8915:590a:59589->fe80::f8d3:f0ff:febe:3364:53_TCP,fe80::4271:f819:8915:590a,fe80::f8d3:f0ff:febe:3364,59589,53,TCP,1788060249.336039,1788060249.372098,0.03606,6,487,31,13505.3228,166.39,859.6817,0.007212,0.013694,4e-05,0.031488,0.03606,81.1667,11.669,74,103,5.1667,11.7033,0,29,0.0637,1,5,1,0,2,0,0,0,65535,11135.0,255,65535,-1,-1,0
fe80::4271:f819:8915:590a:51908->fe80::f8d3:f0ff:febe:3364:53_TCP,fe80::4271:f819:8915:590a,fe80::f8d3:f0ff:febe:3364,51908,53,TCP,1788060249.336238,1788060249.382464,0.046226,6,487,31,10535.2454,129.7977,670.6214,0.009245,0.018242,7.9e-05,0.041727,0.046226,81.1667,11.669,74,103,5.1667,11.7033,0,29,0.0637,1,5,1,0,2,0,0,0,65535,11135.0,255,65535,-1,-1,0
fe80::4271:f819:8915:590a:49980->fe80::f8d3:f0ff:febe:3364:53_TCP,fe80::4271:f819:8915:590a,fe80::f8d3:f0ff:febe:3364,49980,53,TCP,1788060249.336409,1788060249.343626,0.007216,6,487,31,67484.6719,831.4333,4295.7389,0.001443,0.001847,3.1e-05,0.003999,0.007216,81.1667,11.669,74,103,5.1667,11.7033,0,29,0.0637,1,5,1,0,2,0,0,0,65535,11135.0,255,65535,-1,-1,0
fe80::f8d3:f0ff:febe:3364:53->fe80::4271:f819:8915:590a:59589_TCP,fe80::f8d3:f0ff:febe:3364,fe80::4271:f819:8915:590a,53,59589,TCP,1788060249.336547,1788060249.372350,0.035803,5,470,88,13127.5372,139.6547,2457.9219,0.008951,0.01472,2e-05,0.030823,0.035803,94.0,38.3667,74,162,17.6,39.3548,0,88,0.1872,1,5,1,0,1,0,0,0,65535,16383.8,4096,65535,-1,-1,0
fe80::f8d3:f0ff:febe:3364:53->fe80::4271:f819:8915:590a:51908_TCP,fe80::f8d3:f0ff:febe:3364,fe80::4271:f819:8915:590a,53,51908,TCP,1788060249.336663,1788060249.382692,0.046029,5,525,143,11405.8303,108.627,3106.7309,0.011507,0.019866,6.7e-05,0.041157,0.046029,105.0,62.8252,74,217,28.6,63.9515,0,143,0.2724,1,5,1,0,1,0,0,0,65535,16383.8,4096,65535,-1,-1,0
fe80::f8d3:f0ff:febe:3364:53->fe80::4271:f819:8915:590a:49980_TCP,fe80::f8d3:f0ff:febe:3364,fe80::4271:f819:8915:590a,53,49980,TCP,1788060249.336811,1788060249.343837,0.007026,5,605,223,86106.3427,711.6227,31738.371,0.001757,0.001947,0.000109,0.004329,0.007026,121.0,98.5241,74,297,44.6,99.7286,0,223,0.3686,1,5,1,0,1,0,0,0,65535,16383.8,4096,65535,-1,-1,0
2409:40c4:2024:5958:51ff:38d8:7ac5:9d74:51524->2404:6800:4003:c1a::77:443_UDP,2409:40c4:2024:5958:51ff:38d8:7ac5:9d74,2404:6800:4003:c1a::77,51524,443,UDP,1788060249.383263,1788060253.384059,4.000796,101,15111,8849,3776.9983,25.245,2211.8098,0.040008,0.135464,3.1e-05,1.072928,4.000796,149.6139,186.7786,93,1292,87.6139,186.7786,31,1230,0.5856,0,0,0,0,0,0,0,0,0,0.0,0,0,-1,-1,0
2404:6800:4003:c1a::77:443->2409:40c4:2024:5958:51ff:38d8:7ac5:9d74:51524_UDP,2404:6800:4003:c1a::77,2409:40c4:2024:5958:51ff:38d8:7ac5:9d74,443,51524,UDP,1788060249.492162,1788060253.363246,3.871083,300,355995,337395,91962.625,77.4977,87157.7687,0.012947,0.08798,3e-06,1.179518,3.871083,1186.65,323.6979,83,1292,1124.65,323.6979,21,1230,0.9478,0,0,0,0,0,0,0,0,0,0.0,0,0,-1,-1,0
2409:40c4:2024:5958:51ff:38d8:7ac5:9d74:49776->2001:4860:482c:400:::443_UDP,2409:40c4:2024:5958:51ff:38d8:7ac5:9d74,2001:4860:482c:400::,49776,443,UDP,1788060249.935489,1788060254.216944,4.281454,111,51308,44426,11983.7791,25.9258,10376.3813,0.038922,0.167235,1.7e-05,1.425517,4.281454,462.2342,518.3815,93,1292,400.2342,518.3815,31,1230,0.8659,0,0,0,0,0,0,0,0,0,0.0,0,0,-1,-1,0
2001:4860:482c:400:::443->2409:40c4:2024:5958:51ff:38d8:7ac5:9d74:49776_UDP,2001:4860:482c:400::,2409:40c4:2024:5958:51ff:38d8:7ac5:9d74,443,49776,UDP,1788060250.012559,1788060254.272354,4.259795,173,155776,145050,36568.8963,40.6123,34050.9348,0.024766,0.134938,3e-06,1.425323,4.259795,900.4393,547.2264,84,1292,838.4393,547.2264,22,1230,0.9311,0,0,0,0,0,0,0,0,0,0.0,0,0,-1,-1,0
2409:40c4:2024:5958:f568:eac1:7f8f:4a02:0->2409:40c4:2024:5958:51ff:38d8:7ac5:9d74:0_IPv6-ICMP,2409:40c4:2024:5958:f568:eac1:7f8f:4a02,2409:40c4:2024:5958:51ff:38d8:7ac5:9d74,0,0,IPv6-ICMP,1788060251.226710,1788060275.341083,24.114374,4,328,112,13.6018,0.1659,4.6445,8.038125,5.680717,4.611789,14.595435,24.114374,82.0,4.6188,78,86,28.0,4.6188,24,32,0.3415,0,0,0,0,0,0,0,0,0,0.0,0,0,-1,-1,0
2409:40c4:2024:5958:51ff:38d8:7ac5:9d74:0->2409:40c4:2024:5958:f568:eac1:7f8f:4a02:0_IPv6-ICMP,2409:40c4:2024:5958:51ff:38d8:7ac5:9d74,2409:40c4:2024:5958:f568:eac1:7f8f:4a02,0,0,IPv6-ICMP,1788060251.226840,1788060275.340597,24.113758,4,344,128,14.2657,0.1659,5.3082,8.037919,5.681196,4.611357,14.595784,24.113758,86.0,0.0,86,86,32.0,0.0,32,32,0.3721,0,0,0,0,0,0,0,0,0,0.0,0,0,-1,-1,0
fe80::4271:f819:8915:590a:65318->fe80::f8d3:f0ff:febe:3364:53_TCP,fe80::4271:f819:8915:590a,fe80::f8d3:f0ff:febe:3364,65318,53,TCP,1788060251.656370,1788060251.660660,0.00429,5,417,35,97205.8449,1165.5377,8158.764,0.001072,0.001611,4.9e-05,0.003453,0.00429,83.4,14.0996,74,107,7.0,14.5602,0,33,0.0839,1,4,1,0,2,0,0,0,65535,13311.0,255,65535,-1,-1,0
fe80::4271:f819:8915:590a:53007->fe80::f8d3:f0ff:febe:3364:53_TCP,fe80::4271:f819:8915:590a,fe80::f8d3:f0ff:febe:3364,53007,53,TCP,1788060251.656554,1788060251.660784,0.00423,6,491,35,116081.5774,1418.5121,8274.6542,0.000846,0.001496,1.4e-05,0.003489,0.00423,81.8333,13.1821,74,107,5.8333,13.3329,0,33,0.0713,1,5,1,0,2,0,0,0,65535,11135.0,255,65535,-1,-1,0
fe80::4271:f819:8915:590a:53449->fe80::f8d3:f0ff:febe:3364:53_TCP,fe80::4271:f819:8915:590a,fe80::f8d3:f0ff:febe:3364,53449,53,TCP,1788060251.656679,1788060251.661083,0.004404,6,491,35,111481.7985,1362.303,7946.7677,0.000881,0.001524,1.3e-05,0.003583,0.004404,81.8333,13.1821,74,107,5.8333,13.3329,0,33,0.0713,1,5,1,0,2,0,0,0,65535,11135.0,255,65535,-1,-1,0
fe80::f8d3:f0ff:febe:3364:53->fe80::4271:f819:8915:590a:65318_TCP,fe80::f8d3:f0ff:febe:3364,fe80::4271:f819:8915:590a,53,65318,TCP,1788060251.656930,1788060251.661121,0.004191,6,548,92,130751.3847,1431.5845,21950.9624,0.000838,0.000964,0.000133,0.002538,0.004191,91.3333,36.8926,74,166,15.3333,37.5588,0,92,0.1679,1,6,1,0,1,0,0,0,65535,14335.83,4096,65535,-1,-1,0
fe80::f8d3:f0ff:febe:3364:53->fe80::4271:f819:8915:590a:53007_TCP,fe80::f8d3:f0ff:febe:3364,fe80::4271:f819:8915:590a,53,53007,TCP,1788060251.657097,1788060251.661129,0.004032,6,519,63,128715.9281,1488.0454,15624.4768,0.000806,0.001016,0.000143,0.002607,0.004032,86.5,25.2012,74,137,10.5,25.7196,0,63,0.1214,1,6,2,0,1,0,0,0,65535,14335.83,4096,65535,-1,-1,0
fe80::f8d3:f0ff:febe:3364:53->fe80::4271:f819:8915:590a:53449_TCP,fe80::f8d3:f0ff:febe:3364,fe80::4271:f819:8915:590a,53,53449,TCP,1788060251.657198,1788060251.661314,0.004116,5,433,51,105197.7312,1214.7544,12390.4949,0.001029,0.001184,0.000293,0.002777,0.004116,86.6,22.0862,74,125,10.2,22.8079,0,51,0.1178,1,5,2,0,1,0,0,0,65535,16383.8,4096,65535,-1,-1,0
2409:40c4:2024:5958:51ff:38d8:7ac5:9d74:49964->2404:6800:4013:807::5e:443_UDP,2409:40c4:2024:5958:51ff:38d8:7ac5:9d74,2404:6800:4013:807::5e,49964,443,UDP,1788060251.661824,1788060251.797823,0.135999,8,3874,3378,28485.4611,58.8239,24838.3809,0.019428,0.025315,3.3e-05,0.059515,0.135999,484.25,541.7632,93,1292,422.25,541.7632,31,1230,0.872,0,0,0,0,0,0,0,0,0,0.0,0,0,-1,-1,0
2404:6800:4013:807::5e:443->2409:40c4:2024:5958:51ff:38d8:7ac5:9d74:49964_UDP,2404:6800:4013:807::5e,2409:40c4:2024:5958:51ff:38d8:7ac5:9d74,443,49964,UDP,1788060251.718588,1788060251.797670,0.079082,9,5680,5122,71824.6045,113.8066,64768.5958,0.009885,0.018067,6e-06,0.049292,0.079082,631.1111,571.2271,85,1292,569.1111,571.2271,23,1230,0.9018,0,0,0,0,0,0,0,0,0,0.0,0,0,-1,-1,0
fe80::4271:f819:8915:590a:65090->fe80::f8d3:f0ff:febe:3364:53_UDP,fe80::4271:f819:8915:590a,fe80::f8d3:f0ff:febe:3364,65090,53,UDP,1788060251.885034,1788060277.706322,25.821288,4,387,139,14.9876,0.1549,5.3832,8.607096,3.51292,6.191658,12.637022,25.821288,96.75,4.3493,93,101,34.75,4.3493,31,39,0.3592,0,0,0,0,0,0,0,0,0,0.0,0,0,-1,-1,0
fe80::f8d3:f0ff:febe:3364:53->fe80::4271:f819:8915:590a:65090_UDP,fe80::f8d3:f0ff:febe:3364,fe80::4271:f819:8915:590a,53,65090,UDP,1788060251.916225,1788060277.766563,25.850338,4,895,647,34.6224,0.1547,25.0287,8.616779,3.502269,6.199616,12.633186,25.850338,223.75,49.8623,151,259,161.75,49.8623,89,197,0.7229,0,0,0,0,0,0,0,0,0,0.0,0,0,-1,-1,0
fe80::4271:f819:8915:590a:49670->fe80::f8d3:f0ff:febe:3364:53_TCP,fe80::4271:f819:8915:590a,fe80::f8d3:f0ff:febe:3364,49670,53,TCP,1788060251.962721,1788060270.720153,18.757432,12,984,72,52.4592,0.6397,3.8385,1.705221,5.645009,5e-06,18.725545,18.757432,82.0,12.9965,74,111,6.0,13.1633,0,37,0.0732,2,10,2,0,4,0,0,0,65535,11135.0,255,65535,-1,-1,0
fe80::4271:f819:8915:590a:63146->fe80::f8d3:f0ff:febe:3364:53_TCP,fe80::4271:f819:8915:590a,fe80::f8d3:f0ff:febe:3364,63146,53,TCP,1788060251.962845,1788060251.993721,0.030876,6,489,33,15837.3395,194.3232,1068.7775,0.006175,0.013435,1.4e-05,0.030206,0.030876,81.5,12.4218,74,105,5.5,12.518,0,31,0.0675,1,5,1,0,2,0,0,0,65535,11135.0,255,65535,-1,-1,0
fe80::4271:f819:8915:590a:54038->fe80::f8d3:f0ff:febe:3364:53_TCP,fe80::4271:f819:8915:590a,fe80::f8d3:f0ff:febe:3364,54038,53,TCP,1788060251.962944,1788060251.966458,0.003514,6,489,33,139146.1775,1707.3151,9390.2328,0.000703,0.00107,2e-05,0.002495,0.003514,81.5,12.4218,74,105,5.5,12.518,0,31,0.0675,1,5,1,0,2,0,0,0,65535,11135.0,255,65535,-1,-1,0
fe80::f8d3:f0ff:febe:3364:53->fe80::4271:f819:8915:590a:49670_TCP,fe80::f8d3:f0ff:febe:3364,fe80::4271:f819:8915:590a,53,49670,TCP,1788060251.963165,1788060270.720458,18.757293,10,921,157,49.1009,0.5331,8.3701,2.084144,6.240606,2.5e-05,18.725742,18.757293,92.1,32.6614,74,164,15.7,33.5395,0,90,0.1705,2,10,2,0,2,0,0,0,65535,16383.8,4096,65535,-1,-1,0
fe80::f8d3:f0ff:febe:3364:53->fe80::4271:f819:8915:590a:63146_TCP,fe80::f8d3:f0ff:febe:3364,fe80::4271:f819:8915:590a,53,63146,TCP,1788060251.963308,1788060251.993949,0.030641,5,527,145,17199.1333,163.1796,4732.2093,0.00766,0.014698,3e-05,0.029704,0.030641,105.4,63.7166,74,219,29.0,64.846,0,145,0.2751,1,5,1,0,1,0,0,0,65535,16383.8,4096,65535,-1,-1,0
fe80::f8d3:f0ff:febe:3364:53->fe80::4271:f819:8915:590a:54038_TCP,fe80::f8d3:f0ff:febe:3364,fe80::4271:f819:8915:590a,53,54038,TCP,1788060251.963813,1788060251.966711,0.002898,7,723,193,249443.2666,2415.08,66587.2067,0.000483,0.000723,9.2e-05,0.001943,0.002898,103.2857,72.3296,74,267,27.5714,72.9471,0,193,0.2669,1,7,1,0,1,0,0,0,65535,12873.0,4096,65535,-1,-1,0
2409:40c4:2024:5958:51ff:38d8:7ac5:9d74:51492->2404:6800:4003:c0f::84:443_UDP,2409:40c4:2024:5958:51ff:38d8:7ac5:9d74,2404:6800:4003:c0f::84,51492,443,UDP,1788060251.994466,1788060252.216406,0.22194,17,6421,5367,28931.2685,76.5973,24182.233,0.013871,0.031758,3.5e-05,0.096891,0.22194,377.7059,468.9104,93,1292,315.7059,468.9104,31,1230,0.8359,0,0,0,0,0,0,0,0,0,0.0,0,0,-1,-1,0
2404:6800:4003:c0f::84:443->2409:40c4:2024:5958:51ff:38d8:7ac5:9d74:51492_UDP,2404:6800:4003:c0f::84,2409:40c4:2024:5958:51ff:38d8:7ac5:9d74,443,51492,UDP,1788060252.089261,1788060252.190701,0.10144,23,15641,14215,154189.378,226.7346,140131.8336,0.004611,0.017685,6e-06,0.083448,0.10144,680.0435,533.0581,85,1292,618.0435,533.0581,23,1230,0.9088,0,0,0,0,0,0,0,0,0,0.0,0,0,-1,-1,0
2409:40c4:2024:5958:51ff:38d8:7ac5:9d74:49767->2001:4860:4843:400:::443_TCP,2409:40c4:2024:5958:51ff:38d8:7ac5:9d74,2001:4860:4843:400::,49767,443,TCP,1788060252.133031,1788060267.176940,15.04391,2,150,2,9.9708,0.1329,0.1329,15.04391,0.0,15.04391,15.04391,15.04391,75.0,0.0,75,75,1.0,0.0,1,1,0.0133,0,2,0,0,0,0,0,0,252,252.0,252,252,-1,-1,0
2001:4860:4843:400:::443->2409:40c4:2024:5958:51ff:38d8:7ac5:9d74:49767_TCP,2001:4860:4843:400::,2409:40c4:2024:5958:51ff:38d8:7ac5:9d74,443,49767,TCP,1788060252.172501,1788060267.229647,15.057146,2,172,0,11.4231,0.1328,0.0,15.057146,0.0,15.057146,15.057146,15.057146,86.0,0.0,86,86,0.0,0.0,0,0,0.0,0,2,0,0,0,0,0,0,1040,1040.0,1040,1040,-1,-1,0
fe80::4271:f819:8915:590a:53135->fe80::f8d3:f0ff:febe:3364:53_UDP,fe80::4271:f819:8915:590a,fe80::f8d3:f0ff:febe:3364,53135,53,UDP,1788060252.186887,1788060277.706266,25.519379,3,313,127,12.2652,0.1176,4.9766,12.759689,8.155965,6.992551,18.526828,25.519379,104.3333,8.3865,99,114,42.3333,8.3865,37,52,0.4058,0,0,0,0,0,0,0,0,0,0.0,0,0,-1,-1,0
fe80::f8d3:f0ff:febe:3364:53->fe80::4271:f819:8915:590a:53135_UDP,fe80::f8d3:f0ff:febe:3364,fe80::4271:f819:8915:590a,53,53135,UDP,1788060252.231802,1788060277.758763,25.526961,3,537,351,21.0366,0.1175,13.7502,12.76348,8.090675,7.042509,18.484452,25.526961,179.0,56.1516,115,220,117.0,56.1516,53,158,0.6536,0,0,0,0,0,0,0,0,0,0.0,0,0,-1,-1,0
fe80::4271:f819:8915:590a:54293->fe80::f8d3:f0ff:febe:3364:53_TCP,fe80::4271:f819:8915:590a,fe80::f8d3:f0ff:febe:3364,54293,53,TCP,1788060252.233353,1788060252.271350,0.037998,6,510,54,13421.857,157.9042,1421.1378,0.0076,0.016616,2.2e-05,0.037321,0.037998,85.0,20.6204,74,126,9.0,21.0808,0,52,0.1059,1,5,1,0,2,0,0,0,65535,11135.0,255,65535,-1,-1,0
fe80::4271:f819:8915:590a:64778->fe80::f8d3:f0ff:febe:3364:53_TCP,fe80::4271:f819:8915:590a,fe80::f8d3:f0ff:febe:3364,64778,53,TCP,1788060252.233489,1788060252.273952,0.040463,6,510,54,12604.1166,148.2837,1334.5535,0.008093,0.017745,1.2e-05,0.039835,0.040463,85.0,20.6204,74,126,9.0,21.0808,0,52,0.1059,1,5,1,0,2,0,0,0,65535,11135.0,255,65535,-1,-1,0
fe80::4271:f819:8915:590a:51404->fe80::f8d3:f0ff:febe:3364:53_TCP,fe80::4271:f819:8915:590a,fe80::f8d3:f0ff:febe:3364,51404,53,TCP,1788060252.233591,1788060252.469414,0.235824,6,510,54,2162.6331,25.4427,228.9847,0.047165,0.10298,1.6e-05,0.231361,0.235824,85.0,20.6204,74,126,9.0,21.0808,0,52,0.1059,1,5,1,0,2,0,0,0,65535,11092.5,0,65535,-1,-1,0
fe80::f8d3:f0ff:febe:3364:53->fe80::4271:f819:8915:590a:54293_TCP,fe80::f8d3:f0ff:febe:3364,fe80::4271:f819:8915:590a,53,54293,TCP,1788060252.233783,1788060252.271555,0.037772,5,524,142,13872.6443,132.3726,3759.3807,0.009443,0.015194,3.2e-05,0.031963,0.037772,104.8,62.3795,74,216,28.4,63.5043,0,142,0.271,1,5,1,0,1,0,0,0,65535,16383.8,4096,65535,-1,-1,0
fe80::f8d3:f0ff:febe:3364:53->fe80::4271:f819:8915:590a:64778_TCP,fe80::f8d3:f0ff:febe:3364,fe80::4271:f819:8915:590a,53,64778,TCP,1788060252.233856,1788060252.274160,0.040304,5,495,113,12281.7486,124.0581,2803.7123,0.010076,0.017913,1.3e-05,0.03688,0.040304,99.0,49.4672,74,187,22.6,50.5351,0,113,0.2283,1,5,1,0,1,0,0,0,65535,16383.8,4096,65535,-1,-1,0
fe80::f8d3:f0ff:febe:3364:53->fe80::4271:f819:8915:590a:51404_TCP,fe80::f8d3:f0ff:febe:3364,fe80::4271:f819:8915:590a,53,51404,TCP,1788060252.234280,1788060252.469382,0.235102,7,672,142,2858.3375,29.7743,603.9939,0.039184,0.094044,0.000109,0.231135,0.235102,96.0,53.1037,74,216,20.2857,53.671,0,142,0.2113,1,7,3,0,1,0,0,0,65535,12873.0,4096,65535,-1,-1,0
2409:40c4:2024:5958:51ff:38d8:7ac5:9d74:53659->2405:200:1630:b63::10:443_UDP,2409:40c4:2024:5958:51ff:38d8:7ac5:9d74,2405:200:1630:b63::10,53659,443,UDP,1788060252.274621,1788060253.237334,0.962712,107,20823,14189,21629.5205,111.1443,14738.5711,0.009082,0.036611,1.6e-05,0.363668,0.962712,194.6075,324.7213,91,1292,132.6075,324.7213,29,1230,0.6814,0,0,0,0,0,0,0,0,0,0.0,0,0,-1,-1,0
2405:200:1630:b63::10:443->2409:40c4:2024:5958:51ff:38d8:7ac5:9d74:53659_UDP,2405:200:1630:b63::10,2409:40c4:2024:5958:51ff:38d8:7ac5:9d74,443,53659,UDP,1788060252.304596,1788060253.225375,0.920779,394,494938,470510,537520.9529,427.8986,510991.2424,0.002343,0.016904,3e-06,0.300006,0.920779,1256.1878,191.3671,86,1292,1194.1878,191.3671,24,1230,0.9506,0,0,0,0,0,0,0,0,0,0.0,0,0,-1,-1,0
172.20.10.6:54929->172.20.10.1:53_UDP,172.20.10.6,172.20.10.1,54929,53,UDP,1788060253.217295,1788060253.217295,0.0,1,94,52,0.0,0.0,0.0,0.0,0.0,0.0,0.0,0.0,94.0,0.0,94,94,52.0,0.0,52,52,0.5532,0,0,0,0,0,0,0,0,0,0.0,0,0,-1,-1,1
172.20.10.1:53->172.20.10.6:54929_UDP,172.20.10.1,172.20.10.6,53,54929,UDP,1788060253.221588,1788060253.221588,0.0,1,182,140,0.0,0.0,0.0,0.0,0.0,0.0,0.0,0.0,182.0,0.0,182,182,140.0,0.0,140,140,0.7692,0,0,0,0,0,0,0,0,0,0.0,0,0,-1,-1,1
fe80::4271:f819:8915:590a:59546->fe80::f8d3:f0ff:febe:3364:53_TCP,fe80::4271:f819:8915:590a,fe80::f8d3:f0ff:febe:3364,59546,53,TCP,1788060253.222947,1788060253.256444,0.033497,6,510,54,15225.0925,179.1187,1612.0686,0.006699,0.014628,2.8e-05,0.032866,0.033497,85.0,20.6204,74,126,9.0,21.0808,0,52,0.1059,1,5,1,0,2,0,0,0,65535,11135.0,255,65535,-1,-1,0
fe80::4271:f819:8915:590a:61596->fe80::f8d3:f0ff:febe:3364:53_TCP,fe80::4271:f819:8915:590a,fe80::f8d3:f0ff:febe:3364,61596,53,TCP,1788060253.223111,1788060253.261367,0.038255,6,510,54,13331.5158,156.8414,1411.5723,0.007651,0.016773,3.6e-05,0.037654,0.038255,85.0,20.6204,74,126,9.0,21.0808,0,52,0.1059,1,5,1,0,2,0,0,0,65535,11135.0,255,65535,-1,-1,0
fe80::4271:f819:8915:590a:61668->fe80::f8d3:f0ff:febe:3364:53_TCP,fe80::4271:f819:8915:590a,fe80::f8d3:f0ff:febe:3364,61668,53,TCP,1788060253.223233,1788060253.226904,0.003671,6,510,54,138938.3632,1634.569,14711.1208,0.000734,0.001309,2.4e-05,0.003057,0.003671,85.0,20.6204,74,126,9.0,21.0808,0,52,0.1059,1,5,1,0,2,0,0,0,65535,11135.0,255,65535,-1,-1,0
fe80::f8d3:f0ff:febe:3364:53->fe80::4271:f819:8915:590a:59546_TCP,fe80::f8d3:f0ff:febe:3364,fe80::4271:f819:8915:590a,53,59546,TCP,1788060253.223330,1788060253.256664,0.033334,6,598,142,17939.3755,179.9937,4259.8517,0.006667,0.014269,5.9e-05,0.032191,0.033334,99.6667,57.1932,74,216,23.6667,57.9713,0,142,0.2375,1,6,1,0,1,0,0,0,65535,14335.83,4096,65535,-1,-1,0
fe80::f8d3:f0ff:febe:3364:53->fe80::4271:f819:8915:590a:61596_TCP,fe80::f8d3:f0ff:febe:3364,fe80::4271:f819:8915:590a,53,61596,TCP,1788060253.223471,1788060253.261578,0.038107,5,495,113,12989.7673,131.2098,2965.3408,0.009527,0.018337,4.9e-05,0.03703,0.038107,99.0,49.4672,74,187,22.6,50.5351,0,113,0.2283,1,5,1,0,1,0,0,0,65535,16383.8,4096,65535,-1,-1,0
fe80::f8d3:f0ff:febe:3364:53->fe80::4271:f819:8915:590a:61668_TCP,fe80::f8d3:f0ff:febe:3364,fe80::4271:f819:8915:590a,53,61668,TCP,1788060253.223606,1788060253.227091,0.003485,5,524,142,150360.2173,1434.7349,40746.4711,0.000871,0.001114,1.3e-05,0.002502,0.003485,104.8,62.3795,74,216,28.4,63.5043,0,142,0.271,1,5,1,0,1,0,0,0,65535,16383.8,4096,65535,-1,-1,0
2409:40c4:2024:5958:51ff:38d8:7ac5:9d74:54914->2405:200:1630:b64::e:443_UDP,2409:40c4:2024:5958:51ff:38d8:7ac5:9d74,2405:200:1630:b64::e,54914,443,UDP,1788060253.262083,1788060254.091256,0.829173,131,21711,13589,26183.9329,157.9888,16388.6262,0.006378,0.031496,2e-05,0.349164,0.829173,165.7328,275.8055,93,1292,103.7328,275.8055,31,1230,0.6259,0,0,0,0,0,0,0,0,0,0.0,0,0,-1,-1,0
2405:200:1630:b64::e:443->2409:40c4:2024:5958:51ff:38d8:7ac5:9d74:54914_UDP,2405:200:1630:b64::e,2409:40c4:2024:5958:51ff:38d8:7ac5:9d74,443,54914,UDP,1788060253.296019,1788060254.077937,0.781918,415,522470,496740,668190.0251,530.746,635283.7734,0.001889,0.014556,3e-06,0.276942,0.781918,1258.9639,185.7242,86,1292,1196.9639,185.7242,24,1230,0.9508,0,0,0,0,0,0,0,0,0,0.0,0,0,-1,-1,0
fe80::f8d3:f0ff:febe:3364:0->fe80::4271:f819:8915:590a:0_IPv6-ICMP,fe80::f8d3:f0ff:febe:3364,fe80::4271:f819:8915:590a,0,0,IPv6-ICMP,1788060254.258380,1788060275.488448,21.230068,3,258,96,12.1526,0.1413,4.5219,10.615034,7.354053,5.414933,15.815135,21.230068,86.0,0.0,86,86,32.0,0.0,32,32,0.3721,0,0,0,0,0,0,0,0,0,0.0,0,0,-1,-1,0
fe80::4271:f819:8915:590a:0->fe80::f8d3:f0ff:febe:3364:0_IPv6-ICMP,fe80::4271:f819:8915:590a,fe80::f8d3:f0ff:febe:3364,0,0,IPv6-ICMP,1788060254.258425,1788060275.488492,21.230067,2,172,64,8.1017,0.0942,3.0146,21.230067,0.0,21.230067,21.230067,21.230067,86.0,0.0,86,86,32.0,0.0,32,32,0.3721,0,0,0,0,0,0,0,0,0,0.0,0,0,-1,-1,0
fe80::4271:f819:8915:590a:64528->fe80::f8d3:f0ff:febe:3364:53_TCP,fe80::4271:f819:8915:590a,fe80::f8d3:f0ff:febe:3364,64528,53,TCP,1788060255.790880,1788060255.795146,0.004266,6,486,30,113936.1547,1406.6192,7033.096,0.000853,0.001338,3.4e-05,0.003149,0.004266,81.0,11.296,74,102,5.0,11.296,0,28,0.0617,1,5,1,0,2,0,0,0,65535,11135.0,255,65535,-1,-1,0
fe80::4271:f819:8915:590a:53883->fe80::f8d3:f0ff:febe:3364:53_TCP,fe80::4271:f819:8915:590a,fe80::f8d3:f0ff:febe:3364,53883,53,TCP,1788060255.791147,1788060255.852393,0.061246,6,486,30,7935.1918,97.9653,489.8267,0.012249,0.026799,1.6e-05,0.060185,0.061246,81.0,11.296,74,102,5.0,11.296,0,28,0.0617,1,5,1,0,2,0,0,0,65535,11135.0,255,65535,-1,-1,0
fe80::4271:f819:8915:590a:51204->fe80::f8d3:f0ff:febe:3364:53_TCP,fe80::4271:f819:8915:590a,fe80::f8d3:f0ff:febe:3364,51204,53,TCP,1788060255.791276,1788060255.862788,0.071513,6,486,30,6795.9958,83.9012,419.5059,0.014303,0.031456,1e-05,0.070571,0.071513,81.0,11.296,74,102,5.0,11.296,0,28,0.0617,1,5,1,0,2,0,0,0,65535,11135.0,255,65535,-1,-1,0
fe80::f8d3:f0ff:febe:3364:53->fe80::4271:f819:8915:590a:64528_TCP,fe80::f8d3:f0ff:febe:3364,fe80::4271:f819:8915:590a,53,64528,TCP,1788060255.791651,1788060255.795376,0.003725,5,471,89,126457.3796,1342.435,23895.3435,0.000931,0.001073,9e-06,0.002439,0.003725,94.2,38.8098,74,163,17.8,39.802,0,89,0.189,1,5,1,0,1,0,0,0,65535,16383.8,4096,65535,-1,-1,0
fe80::f8d3:f0ff:febe:3364:53->fe80::4271:f819:8915:590a:53883_TCP,fe80::f8d3:f0ff:febe:3364,fe80::4271:f819:8915:590a,53,53883,TCP,1788060255.791857,1788060255.852613,0.060756,5,440,58,7242.0869,82.2964,954.6387,0.015189,0.029529,0.000108,0.059482,0.060756,88.0,25.1396,74,132,11.6,25.9384,0,58,0.1318,1,5,1,0,1,0,0,0,65535,16383.8,4096,65535,-1,-1,0
fe80::f8d3:f0ff:febe:3364:53->fe80::4271:f819:8915:590a:51204_TCP,fe80::f8d3:f0ff:febe:3364,fe80::4271:f819:8915:590a,53,51204,TCP,1788060255.791959,1788060255.863034,0.071075,5,428,46,6021.7909,70.348,647.2018,0.017769,0.034824,1.4e-05,0.070003,0.071075,85.6,19.9198,74,120,9.2,20.5718,0,46,0.1075,1,5,1,0,1,0,0,0,65535,16383.8,4096,65535,-1,-1,0
2409:40c4:2024:5958:51ff:38d8:7ac5:9d74:53917->2606:4700:90:0:f22e:fbec:5bed:a9b9:443_TCP,2409:40c4:2024:5958:51ff:38d8:7ac5:9d74,2606:4700:90:0:f22e:fbec:5bed:a9b9,53917,443,TCP,1788060255.863111,1788060273.197928,17.334817,125,27388,18102,1579.9416,7.2109,1044.2567,0.139797,1.205753,0.0,13.422862,17.334817,219.104,299.419,74,1314,144.816,299.5537,0,1240,0.6609,1,124,0,0,43,0,0,0,65535,777.1,251,65535,-1,-1,0
2606:4700:90:0:f22e:fbec:5bed:a9b9:443->2409:40c4:2024:5958:51ff:38d8:7ac5:9d74:53917_TCP,2606:4700:90:0:f22e:fbec:5bed:a9b9,2409:40c4:2024:5958:51ff:38d8:7ac5:9d74,443,53917,TCP,1788060255.907552,1788060273.197829,17.290278,195,177533,162903,10267.7934,11.278,9421.6532,0.089125,0.968549,4e-06,13.476293,17.290278,910.4256,537.3985,74,1314,835.4,538.9845,0,1240,0.9176,1,195,0,0,90,0,0,0,65535,353.84,16,65535,-1,-1,0
2409:40c4:2024:5958:51ff:38d8:7ac5:9d74:59365->2606:4700:90:0:f22e:fbec:5bed:a9b9:443_TCP,2409:40c4:2024:5958:51ff:38d8:7ac5:9d74,2606:4700:90:0:f22e:fbec:5bed:a9b9,59365,443,TCP,1788060258.041742,1788060277.397547,19.355805,19,4771,3353,246.4894,0.9816,173.2297,1.075322,1.415127,0.0,3.090235,19.355805,251.1053,361.2844,74,1314,176.4737,361.5994,0,1240,0.7028,1,18,0,0,4,0,0,0,65535,3690.63,254,65535,-1,-1,0
2606:4700:90:0:f22e:fbec:5bed:a9b9:443->2409:40c4:2024:5958:51ff:38d8:7ac5:9d74:59365_TCP,2606:4700:90:0:f22e:fbec:5bed:a9b9,2409:40c4:2024:5958:51ff:38d8:7ac5:9d74,443,59365,TCP,1788060258.085705,1788060277.352879,19.267174,23,11867,10153,615.918,1.1937,526.9584,0.875781,1.343309,6e-06,3.088845,19.267174,515.9565,516.3279,74,1314,441.4348,516.788,0,1240,0.8556,1,23,0,0,15,0,0,0,65535,2864.65,16,65535,-1,-1,0
2409:40c4:2024:5958:51ff:38d8:7ac5:9d74:50399->2001:4860:4828:7700:::443_UDP,2409:40c4:2024:5958:51ff:38d8:7ac5:9d74,2001:4860:4828:7700::,50399,443,UDP,1788060258.814345,1788060264.983181,6.168836,331,87662,67140,14210.4596,53.6568,10883.7382,0.018693,0.105723,1.4e-05,1.876016,6.168836,264.8399,359.7267,93,1292,202.8399,359.7267,31,1230,0.7659,0,0,0,0,0,0,0,0,0,0.0,0,0,-1,-1,0
2001:4860:4828:7700:::443->2409:40c4:2024:5958:51ff:38d8:7ac5:9d74:50399_UDP,2001:4860:4828:7700::,2409:40c4:2024:5958:51ff:38d8:7ac5:9d74,443,50399,UDP,1788060258.897135,1788060265.042158,6.145023,1017,961552,898498,156476.5414,165.4998,146215.5552,0.006048,0.062706,3e-06,1.940144,6.145023,945.4789,506.121,84,1292,883.4789,506.121,22,1230,0.9344,0,0,0,0,0,0,0,0,0,0.0,0,0,-1,-1,0
fe80::4271:f819:8915:590a:59276->fe80::f8d3:f0ff:febe:3364:53_TCP,fe80::4271:f819:8915:590a,fe80::f8d3:f0ff:febe:3364,59276,53,TCP,1788060261.076181,1788060261.112314,0.036133,6,502,46,13893.0058,166.0519,1273.0643,0.007227,0.015449,6.3e-05,0.03486,0.036133,83.6667,17.4547,74,118,7.6667,17.8176,0,44,0.0916,1,5,1,0,2,0,0,0,65535,11135.0,255,65535,-1,-1,0
fe80::4271:f819:8915:590a:56032->fe80::f8d3:f0ff:febe:3364:53_TCP,fe80::4271:f819:8915:590a,fe80::f8d3:f0ff:febe:3364,56032,53,TCP,1788060261.076286,1788060261.112470,0.036184,6,502,46,13873.4161,165.8177,1271.2692,0.007237,0.015467,1.9e-05,0.034901,0.036184,83.6667,17.4547,74,118,7.6667,17.8176,0,44,0.0916,1,5,1,0,2,0,0,0,65535,11135.0,255,65535,-1,-1,0
fe80::4271:f819:8915:590a:50635->fe80::f8d3:f0ff:febe:3364:53_TCP,fe80::4271:f819:8915:590a,fe80::f8d3:f0ff:febe:3364,50635,53,TCP,1788060261.076367,1788060261.080495,0.004128,6,502,46,121609.1376,1453.4957,11143.4668,0.000826,0.001287,1.7e-05,0.002998,0.004128,83.6667,17.4547,74,118,7.6667,17.8176,0,44,0.0916,1,5,1,0,2,0,0,0,65535,11135.0,255,65535,-1,-1,0
fe80::f8d3:f0ff:febe:3364:53->fe80::4271:f819:8915:590a:59276_TCP,fe80::f8d3:f0ff:febe:3364,fe80::4271:f819:8915:590a,53,59276,TCP,1788060261.076756,1788060261.112655,0.0359,6,559,103,15571.1872,167.1326,2869.1096,0.00718,0.015099,5.7e-05,0.034187,0.0359,93.1667,41.3493,74,177,17.1667,42.0496,0,103,0.1843,1,6,1,0,1,0,0,0,65535,14335.83,4096,65535,-1,-1,0
fe80::f8d3:f0ff:febe:3364:53->fe80::4271:f819:8915:590a:56032_TCP,fe80::f8d3:f0ff:febe:3364,fe80::4271:f819:8915:590a,53,56032,TCP,1788060261.076933,1788060261.112752,0.03582,6,614,158,17141.3725,167.5053,4410.9721,0.007164,0.015217,5.7e-05,0.034383,0.03582,102.3333,63.7045,74,232,26.3333,64.5032,0,158,0.2573,1,6,1,0,1,0,0,0,65535,14335.83,4096,65535,-1,-1,0
fe80::f8d3:f0ff:febe:3364:53->fe80::4271:f819:8915:590a:50635_TCP,fe80::f8d3:f0ff:febe:3364,fe80::4271:f819:8915:590a,53,50635,TCP,1788060261.077304,1788060261.080728,0.003424,5,444,62,129657.5211,1460.1072,18105.3295,0.000856,0.001122,8.7e-05,0.002514,0.003424,88.8,26.8924,74,136,12.4,27.7272,0,62,0.1396,1,5,2,0,1,0,0,0,65535,16383.8,4096,65535,-1,-1,0
2409:40c4:2024:5958:51ff:38d8:7ac5:9d74:62432->2404:6800:4013:802::64:443_UDP,2409:40c4:2024:5958:51ff:38d8:7ac5:9d74,2404:6800:4013:802::64,62432,443,UDP,1788060261.113547,1788060261.364920,0.251373,12,5229,4485,20801.7524,47.7378,17842.0079,0.022852,0.032152,5.7e-05,0.095747,0.251373,435.75,523.8085,93,1292,373.75,523.8085,31,1230,0.8577,0,0,0,0,0,0,0,0,0,0.0,0,0,-1,-1,0
2404:6800:4013:802::64:443->2409:40c4:2024:5958:51ff:38d8:7ac5:9d74:62432_UDP,2404:6800:4013:802::64,2409:40c4:2024:5958:51ff:38d8:7ac5:9d74,443,62432,UDP,1788060261.171555,1788060261.441444,0.269889,15,8414,7484,31175.8213,55.5785,27729.9556,0.019278,0.039292,4e-06,0.109107,0.269889,560.9333,535.7285,85,1292,498.9333,535.7285,23,1230,0.8895,0,0,0,0,0,0,0,0,0,0.0,0,0,-1,-1,0
fe80::4271:f819:8915:590a:62674->fe80::f8d3:f0ff:febe:3364:53_UDP,fe80::4271:f819:8915:590a,fe80::f8d3:f0ff:febe:3364,62674,53,UDP,1788060262.209499,1788060262.209499,0.0,1,96,34,0.0,0.0,0.0,0.0,0.0,0.0,0.0,0.0,96.0,0.0,96,96,34.0,0.0,34,34,0.3542,0,0,0,0,0,0,0,0,0,0.0,0,0,-1,-1,1
fe80::f8d3:f0ff:febe:3364:53->fe80::4271:f819:8915:590a:62674_UDP,fe80::f8d3:f0ff:febe:3364,fe80::4271:f819:8915:590a,53,62674,UDP,1788060262.252448,1788060262.252448,0.0,1,112,50,0.0,0.0,0.0,0.0,0.0,0.0,0.0,0.0,112.0,0.0,112,112,50.0,0.0,50,50,0.4464,0,0,0,0,0,0,0,0,0,0.0,0,0,-1,-1,1
fe80::4271:f819:8915:590a:64617->fe80::f8d3:f0ff:febe:3364:53_TCP,fe80::4271:f819:8915:590a,fe80::f8d3:f0ff:febe:3364,64617,53,TCP,1788060262.678082,1788060262.686845,0.008763,6,493,37,56261.8527,684.7284,4222.492,0.001753,0.002327,2e-05,0.004345,0.008763,82.1667,13.9487,74,109,6.1667,14.148,0,35,0.0751,1,5,1,0,2,0,0,0,65535,11135.0,255,65535,-1,-1,0
fe80::4271:f819:8915:590a:58991->fe80::f8d3:f0ff:febe:3364:53_TCP,fe80::4271:f819:8915:590a,fe80::f8d3:f0ff:febe:3364,58991,53,TCP,1788060262.678227,1788060262.718609,0.040382,6,493,37,12208.4374,148.5814,916.2519,0.008076,0.015656,1.2e-05,0.03591,0.040382,82.1667,13.9487,74,109,6.1667,14.148,0,35,0.0751,1,5,1,0,2,0,0,0,65535,11135.0,255,65535,-1,-1,0
fe80::4271:f819:8915:590a:59424->fe80::f8d3:f0ff:febe:3364:53_TCP,fe80::4271:f819:8915:590a,fe80::f8d3:f0ff:febe:3364,59424,53,TCP,1788060262.678341,1788060262.686951,0.00861,6,493,37,57258.9337,696.8633,4297.3236,0.001722,0.002236,1.4e-05,0.004312,0.00861,82.1667,13.9487,74,109,6.1667,14.148,0,35,0.0751,1,5,1,0,2,0,0,0,65535,11135.0,255,65535,-1,-1,0
fe80::f8d3:f0ff:febe:3364:53->fe80::4271:f819:8915:590a:64617_TCP,fe80::f8d3:f0ff:febe:3364,fe80::4271:f819:8915:590a,53,64617,TCP,1788060262.678575,1788060262.687138,0.008564,6,518,62,60489.1551,700.6466,7240.0147,0.001713,0.001568,0.000116,0.003987,0.008564,86.3333,24.8005,74,136,10.3333,25.3114,0,62,0.1197,1,6,1,0,1,0,0,0,65535,14335.83,4096,65535,-1,-1,0
fe80::f8d3:f0ff:febe:3364:53->fe80::4271:f819:8915:590a:58991_TCP,fe80::f8d3:f0ff:febe:3364,fe80::4271:f819:8915:590a,53,58991,TCP,1788060262.678696,1788060262.718834,0.040138,6,521,65,12980.2933,149.4851,1619.4224,0.008028,0.013632,9.2e-05,0.032224,0.040138,86.8333,26.0032,74,139,10.8333,26.5361,0,65,0.1248,1,6,1,0,1,0,0,0,65535,14335.83,4096,65535,-1,-1,0
fe80::f8d3:f0ff:febe:3364:53->fe80::4271:f819:8915:590a:59424_TCP,fe80::f8d3:f0ff:febe:3364,fe80::4271:f819:8915:590a,53,59424,TCP,1788060262.678842,1788060262.687147,0.008305,5,435,53,52376.1229,602.0244,6381.4586,0.002076,0.001766,0.000113,0.004189,0.008305,87.0,22.9565,74,127,10.6,23.7023,0,53,0.1218,1,5,1,0,1,0,0,0,65535,16383.8,4096,65535,-1,-1,0
2409:40c4:2024:5958:51ff:38d8:7ac5:9d74:59970->2404:6800:4013:802::5e:443_UDP,2409:40c4:2024:5958:51ff:38d8:7ac5:9d74,2404:6800:4013:802::5e,59970,443,UDP,1788060262.719795,1788060263.100157,0.380361,141,16917,8175,44476.1314,370.7002,21492.7218,0.002717,0.00551,3.1e-05,0.048698,0.380361,119.9787,163.3705,93,1292,57.9787,163.3705,31,1230,0.4832,0,0,0,0,0,0,0,0,0,0.0,0,0,-1,-1,0
2404:6800:4013:802::5e:443->2409:40c4:2024:5958:51ff:38d8:7ac5:9d74:59970_UDP,2404:6800:4013:802::5e,2409:40c4:2024:5958:51ff:38d8:7ac5:9d74,443,59970,UDP,1788060262.765579,1788060263.126075,0.360497,682,868719,826435,2409784.6981,1891.8352,2292490.917,0.000529,0.002309,4e-06,0.037007,0.360497,1273.7815,133.2752,87,1292,1211.7815,133.2752,25,1230,0.9513,0,0,0,0,0,0,0,0,0,0.0,0,0,-1,-1,0
fe80::4271:f819:8915:590a:61703->fe80::f8d3:f0ff:febe:3364:53_TCP,fe80::4271:f819:8915:590a,fe80::f8d3:f0ff:febe:3364,61703,53,TCP,1788060262.776910,1788060262.807512,0.030602,6,504,48,16469.5235,196.0658,1568.526,0.00612,0.009134,1.9e-05,0.021232,0.030602,84.0,18.2428,74,120,8.0,18.6333,0,46,0.0952,1,5,1,1,2,0,0,0,65535,11092.5,0,65535,-1,-1,0
fe80::4271:f819:8915:590a:65082->fe80::f8d3:f0ff:febe:3364:53_TCP,fe80::4271:f819:8915:590a,fe80::f8d3:f0ff:febe:3364,65082,53,TCP,1788060262.777098,1788060262.780842,0.003744,6,504,48,134602.306,1602.4084,12819.2672,0.000749,0.001104,1.4e-05,0.002695,0.003744,84.0,18.2428,74,120,8.0,18.6333,0,46,0.0952,1,5,1,0,2,0,0,0,65535,11135.0,255,65535,-1,-1,0
fe80::f8d3:f0ff:febe:3364:53->fe80::4271:f819:8915:590a:61703_TCP,fe80::f8d3:f0ff:febe:3364,fe80::4271:f819:8915:590a,53,61703,TCP,1788060262.777280,1788060262.807589,0.030309,6,554,98,18278.5659,197.9628,3233.3925,0.006062,0.008986,0.000101,0.020916,0.030309,92.3333,39.3226,74,172,16.3333,40.0083,0,98,0.1769,1,6,1,0,1,0,0,0,65535,14335.83,4096,65535,-1,-1,0
fe80::f8d3:f0ff:febe:3364:53->fe80::4271:f819:8915:590a:65082_TCP,fe80::f8d3:f0ff:febe:3364,fe80::4271:f819:8915:590a,53,65082,TCP,1788060262.777422,1788060262.781181,0.003759,6,532,76,141512.5398,1596.0061,20216.0771,0.000752,0.000809,5e-05,0.002101,0.003759,88.6667,30.4281,74,150,12.6667,31.0269,0,76,0.1429,1,6,1,0,1,0,0,0,65535,14335.83,4096,65535,-1,-1,0
fe80::4271:f819:8915:590a:62575->fe80::f8d3:f0ff:febe:3364:53_TCP,fe80::4271:f819:8915:590a,fe80::f8d3:f0ff:febe:3364,62575,53,TCP,1788060262.777797,1788060262.780938,0.003142,6,504,48,160425.6823,1909.8296,15278.6364,0.000628,0.001092,2.2e-05,0.002553,0.003142,84.0,18.2428,74,120,8.0,18.6333,0,46,0.0952,1,5,1,0,2,0,0,0,65535,11135.0,255,65535,-1,-1,0
fe80::f8d3:f0ff:febe:3364:53->fe80::4271:f819:8915:590a:62575_TCP,fe80::f8d3:f0ff:febe:3364,fe80::4271:f819:8915:590a,53,62575,TCP,1788060262.778238,1788060262.781229,0.002991,5,446,64,149104.0638,1671.5702,21396.0988,0.000748,0.000684,0.000213,0.001729,0.002991,89.2,27.7705,74,138,12.8,28.6217,0,64,0.1435,1,5,1,0,1,0,0,0,65535,16383.8,4096,65535,-1,-1,0
2409:40c4:2024:5958:51ff:38d8:7ac5:9d74:55426->2404:6800:4013:802::5f:443_UDP,2409:40c4:2024:5958:51ff:38d8:7ac5:9d74,2404:6800:4013:802::5f,55426,443,UDP,1788060262.787572,1788060263.001881,0.214309,21,16282,14980,75974.5034,97.9895,69899.1562,0.010715,0.023084,2e-05,0.066902,0.214309,775.3333,505.425,93,1292,713.3333,505.425,31,1230,0.92,0,0,0,0,0,0,0,0,0,0.0,0,0,-1,-1,0
2404:6800:4013:802::5f:443->2409:40c4:2024:5958:51ff:38d8:7ac5:9d74:55426_UDP,2404:6800:4013:802::5f,2409:40c4:2024:5958:51ff:38d8:7ac5:9d74,443,55426,UDP,1788060262.842772,1788060263.086995,0.244222,25,8093,6543,33137.8281,102.3657,26791.154,0.010176,0.021016,5e-06,0.085286,0.244222,323.72,434.6093,85,1292,261.72,434.6093,23,1230,0.8085,0,0,0,0,0,0,0,0,0,0.0,0,0,-1,-1,0
fe80::4271:f819:8915:590a:51486->fe80::f8d3:f0ff:febe:3364:53_TCP,fe80::4271:f819:8915:590a,fe80::f8d3:f0ff:febe:3364,51486,53,TCP,1788060263.222281,1788060263.248714,0.026433,6,481,25,18196.7928,226.987,945.7793,0.005287,0.011211,2.7e-05,0.025338,0.026433,80.1667,9.4745,74,97,4.1667,9.261,0,23,0.052,1,5,1,0,2,0,0,0,65535,11135.0,255,65535,-1,-1,0
fe80::4271:f819:8915:590a:51049->fe80::f8d3:f0ff:febe:3364:53_TCP,fe80::4271:f819:8915:590a,fe80::f8d3:f0ff:febe:3364,51049,53,TCP,1788060263.222448,1788060263.253059,0.030612,6,481,25,15712.9189,196.0031,816.6798,0.006122,0.013323,1.5e-05,0.029953,0.030612,80.1667,9.4745,74,97,4.1667,9.261,0,23,0.052,1,5,1,0,2,0,0,0,65535,11135.0,255,65535,-1,-1,0
fe80::4271:f819:8915:590a:50913->fe80::f8d3:f0ff:febe:3364:53_TCP,fe80::4271:f819:8915:590a,fe80::f8d3:f0ff:febe:3364,50913,53,TCP,1788060263.222565,1788060263.249840,0.027275,6,481,25,17635.296,219.9829,916.5954,0.005455,0.01193,1.5e-05,0.026794,0.027275,80.1667,9.4745,74,97,4.1667,9.261,0,23,0.052,1,5,1,0,2,0,0,0,65535,11135.0,255,65535,-1,-1,0
fe80::f8d3:f0ff:febe:3364:53->fe80::4271:f819:8915:590a:51486_TCP,fe80::f8d3:f0ff:febe:3364,fe80::4271:f819:8915:590a,53,51486,TCP,1788060263.222724,1788060263.249238,0.026514,5,472,90,17801.8802,188.5792,3394.4263,0.006629,0.012177,0.000472,0.024894,0.026514,94.4,39.253,74,164,18.0,40.2492,0,90,0.1907,1,5,2,0,1,0,0,0,65535,16383.8,4096,65535,-1,-1,0
fe80::f8d3:f0ff:febe:3364:53->fe80::4271:f819:8915:590a:51049_TCP,fe80::f8d3:f0ff:febe:3364,fe80::4271:f819:8915:590a,53,51049,TCP,1788060263.222833,1788060263.253576,0.030743,5,435,53,14149.7258,162.6405,1723.9896,0.007686,0.014593,6.4e-05,0.029572,0.030743,87.0,22.9565,74,127,10.6,23.7023,0,53,0.1218,1,5,1,0,1,0,0,0,65535,16383.8,4096,65535,-1,-1,0
fe80::f8d3:f0ff:febe:3364:53->fe80::4271:f819:8915:590a:50913_TCP,fe80::f8d3:f0ff:febe:3364,fe80::4271:f819:8915:590a,53,50913,TCP,1788060263.222913,1788060263.250048,0.027135,5,423,41,15588.6462,184.263,1510.9563,0.006784,0.013007,0.000102,0.026292,0.027135,84.6,17.7708,74,115,8.2,18.3358,0,41,0.0969,1,5,2,0,1,0,0,0,65535,16383.8,4096,65535,-1,-1,0
2409:40c4:2024:5958:51ff:38d8:7ac5:9d74:54161->64:ff9b::9765:4292:443_TCP,2409:40c4:2024:5958:51ff:38d8:7ac5:9d74,64:ff9b::9765:4292,54161,443,TCP,1788060263.253944,1788060266.366233,3.112289,30,5229,2997,1680.1138,9.6392,962.9568,0.10732,0.281174,0.0,1.128372,3.112289,174.3,257.7106,74,1314,99.9,257.8617,0,1240,0.5731,1,29,0,0,8,0,0,0,65535,2429.6,251,65535,-1,-1,0
64:ff9b::9765:4292:443->2409:40c4:2024:5958:51ff:38d8:7ac5:9d74:54161_TCP,64:ff9b::9765:4292,2409:40c4:2024:5958:51ff:38d8:7ac5:9d74,443,54161,TCP,1788060263.276541,1788060266.366204,3.089664,47,42284,38782,13685.6327,15.212,12552.176,0.067167,0.232753,5e-06,1.149279,3.089664,899.6596,524.9489,74,1294,825.1489,525.7626,0,1220,0.9172,1,47,0,0,23,0,0,0,65535,1810.38,425,65535,-1,-1,0
fe80::4271:f819:8915:590a:62179->fe80::f8d3:f0ff:febe:3364:53_TCP,fe80::4271:f819:8915:590a,fe80::f8d3:f0ff:febe:3364,62179,53,TCP,1788060264.551994,1788060264.588829,0.036835,6,489,33,13275.2617,162.8866,895.8766,0.007367,0.016035,2.4e-05,0.036049,0.036835,81.5,12.4218,74,105,5.5,12.518,0,31,0.0675,1,5,1,0,2,0,0,0,65535,11135.0,255,65535,-1,-1,0
fe80::4271:f819:8915:590a:63601->fe80::f8d3:f0ff:febe:3364:53_TCP,fe80::4271:f819:8915:590a,fe80::f8d3:f0ff:febe:3364,63601,53,TCP,1788060264.552191,1788060264.600655,0.048464,6,489,33,10089.9512,123.8031,680.917,0.009693,0.021153,2.4e-05,0.047529,0.048464,81.5,12.4218,74,105,5.5,12.518,0,31,0.0675,1,5,1,0,2,0,0,0,65535,11135.0,255,65535,-1,-1,0
fe80::4271:f819:8915:590a:51561->fe80::f8d3:f0ff:febe:3364:53_TCP,fe80::4271:f819:8915:590a,fe80::f8d3:f0ff:febe:3364,51561,53,TCP,1788060264.552355,1788060264.556646,0.004291,6,489,33,113964.2527,1398.3344,7690.8391,0.000858,0.00154,1.5e-05,0.003578,0.004291,81.5,12.4218,74,105,5.5,12.518,0,31,0.0675,1,5,1,0,2,0,0,0,65535,11135.0,255,65535,-1,-1,0
fe80::f8d3:f0ff:febe:3364:53->fe80::4271:f819:8915:590a:62179_TCP,fe80::f8d3:f0ff:febe:3364,fe80::4271:f819:8915:590a,53,62179,TCP,1788060264.552419,1788060264.589091,0.036672,6,589,133,16061.3541,163.6131,3626.7574,0.007334,0.015821,1e-05,0.035632,0.036672,98.1667,53.5329,74,207,22.1667,54.297,0,133,0.2258,1,6,1,0,1,0,0,0,65535,14335.83,4096,65535,-1,-1,0
fe80::f8d3:f0ff:febe:3364:53->fe80::4271:f819:8915:590a:63601_TCP,fe80::f8d3:f0ff:febe:3364,fe80::4271:f819:8915:590a,53,63601,TCP,1788060264.552828,1788060264.600840,0.048012,5,485,103,10101.6876,104.1411,2145.3068,0.012003,0.023332,6e-05,0.047,0.048012,97.0,45.0222,74,177,20.6,46.063,0,103,0.2124,1,5,1,0,1,0,0,0,65535,16383.8,4096,65535,-1,-1,0
fe80::f8d3:f0ff:febe:3364:53->fe80::4271:f819:8915:590a:51561_TCP,fe80::f8d3:f0ff:febe:3364,fe80::4271:f819:8915:590a,53,51561,TCP,1788060264.552900,1788060264.556907,0.004007,5,473,91,118047.4707,1247.8591,22711.0356,0.001002,0.001354,0.00011,0.003014,0.004007,94.6,39.6963,74,165,18.2,40.6964,0,91,0.1924,1,5,1,0,1,0,0,0,65535,16383.8,4096,65535,-1,-1,0
2409:40c4:2024:5958:51ff:38d8:7ac5:9d74:49215->64:ff9b::9765:d09f:443_TCP,2409:40c4:2024:5958:51ff:38d8:7ac5:9d74,64:ff9b::9765:d09f,49215,443,TCP,1788060264.601062,1788060266.424351,1.82329,36,5342,2666,2929.8691,19.7445,1462.1923,0.052094,0.220911,0.0,1.290277,1.82329,148.3889,231.6529,74,1314,74.0556,231.7538,0,1240,0.4991,1,35,0,0,7,0,0,0,65535,2067.56,251,65535,-1,-1,0
2409:40c4:2024:5958:51ff:38d8:7ac5:9d74:59118->64:ff9b::9765:d09f:443_TCP,2409:40c4:2024:5958:51ff:38d8:7ac5:9d74,64:ff9b::9765:d09f,59118,443,TCP,1788060264.601215,1788060264.670897,0.069682,6,2283,1827,32763.0669,86.1053,26219.064,0.013936,0.018913,0.0,0.037868,0.069682,380.5,513.5483,74,1314,304.5,514.9461,0,1240,0.8003,1,5,1,1,1,0,0,0,65535,11091.83,0,65535,-1,-1,0
2409:40c4:2024:5958:51ff:38d8:7ac5:9d74:61098->64:ff9b::9765:d09f:443_TCP,2409:40c4:2024:5958:51ff:38d8:7ac5:9d74,64:ff9b::9765:d09f,61098,443,TCP,1788060264.601338,1788060264.670977,0.069639,7,2357,1827,33845.877,100.5181,26235.2216,0.011607,0.017916,0.0,0.03811,0.069639,336.7143,482.9047,74,1314,261.0,483.9632,0,1240,0.7751,1,6,1,1,1,0,0,0,65535,9544.29,0,65535,-1,-1,0
2409:40c4:2024:5958:51ff:38d8:7ac5:9d74:58009->64:ff9b::9765:d09f:443_TCP,2409:40c4:2024:5958:51ff:38d8:7ac5:9d74,64:ff9b::9765:d09f,58009,443,TCP,1788060264.601455,1788060270.630460,6.029005,1421,158028,52250,26211.2911,235.694,8666.4386,0.004246,0.104253,0.0,3.917818,6.029005,111.209,68.6869,74,1314,36.7699,68.8849,0,1240,0.3306,1,1420,0,0,507,0,0,0,65535,1905.43,251,65535,-1,-1,0
2409:40c4:2024:5958:51ff:38d8:7ac5:9d74:51884->64:ff9b::9765:d09f:443_TCP,2409:40c4:2024:5958:51ff:38d8:7ac5:9d74,64:ff9b::9765:d09f,51884,443,TCP,1788060264.601585,1788060264.671059,0.069474,8,2431,1827,34991.3967,115.1506,26297.5244,0.009925,0.01679,0.0,0.036131,0.069474,303.875,456.6294,74,1314,228.375,457.4663,0,1240,0.7515,1,7,1,1,1,0,0,0,65535,8382.12,0,65535,-1,-1,0
fe80::4271:f819:8915:590a:57330->fe80::f8d3:f0ff:febe:3364:53_TCP,fe80::4271:f819:8915:590a,fe80::f8d3:f0ff:febe:3364,57330,53,TCP,1788060264.610842,1788060264.633176,0.022334,6,491,35,21984.3211,268.6475,1567.1105,0.004467,0.009349,2.6e-05,0.021186,0.022334,81.8333,13.1821,74,107,5.8333,13.3329,0,33,0.0713,1,5,1,0,2,0,0,0,65535,11135.0,255,65535,-1,-1,0
fe80::4271:f819:8915:590a:65250->fe80::f8d3:f0ff:febe:3364:53_TCP,fe80::4271:f819:8915:590a,fe80::f8d3:f0ff:febe:3364,65250,53,TCP,1788060264.611035,1788060264.613875,0.002841,6,491,35,172855.7381,2112.2901,12321.6921,0.000568,0.001003,1.7e-05,0.002339,0.002841,81.8333,13.1821,74,107,5.8333,13.3329,0,33,0.0713,1,5,1,0,2,0,0,0,65535,11135.0,255,65535,-1,-1,0
fe80::4271:f819:8915:590a:54920->fe80::f8d3:f0ff:febe:3364:53_TCP,fe80::4271:f819:8915:590a,fe80::f8d3:f0ff:febe:3364,54920,53,TCP,1788060264.611161,1788060264.638154,0.026992,6,491,35,18190.5193,222.2874,1296.6765,0.005398,0.011615,2.6e-05,0.02617,0.026992,81.8333,13.1821,74,107,5.8333,13.3329,0,33,0.0713,1,5,1,0,2,0,0,0,65535,11135.0,255,65535,-1,-1,0
fe80::f8d3:f0ff:febe:3364:53->fe80::4271:f819:8915:590a:57330_TCP,fe80::f8d3:f0ff:febe:3364,fe80::4271:f819:8915:590a,53,57330,TCP,1788060264.611203,1788060264.633404,0.022201,5,474,92,21350.3307,225.2145,4143.946,0.00555,0.010144,9e-06,0.020757,0.022201,94.8,40.1398,74,166,18.4,41.1437,0,92,0.1941,1,5,1,0,1,0,0,0,65535,16383.8,4096,65535,-1,-1,0
fe80::f8d3:f0ff:febe:3364:53->fe80::4271:f819:8915:590a:65250_TCP,fe80::f8d3:f0ff:febe:3364,fe80::4271:f819:8915:590a,53,65250,TCP,1788060264.611398,1788060264.614093,0.002695,5,445,63,165115.4706,1855.23,23375.8981,0.000674,0.000858,5.1e-05,0.001938,0.002695,89.0,27.3313,74,137,12.6,28.1745,0,63,0.1416,1,5,1,0,1,0,0,0,65535,16383.8,4096,65535,-1,-1,0
fe80::f8d3:f0ff:febe:3364:53->fe80::4271:f819:8915:590a:54920_TCP,fe80::f8d3:f0ff:febe:3364,fe80::4271:f819:8915:590a,53,54920,TCP,1788060264.611814,1788060264.638434,0.02662,5,433,51,16266.1654,187.831,1915.8763,0.006655,0.012784,0.000118,0.025831,0.02662,86.6,22.0862,74,125,10.2,22.8079,0,51,0.1178,1,5,1,0,1,0,0,0,65535,16383.8,4096,65535,-1,-1,0
64:ff9b::9765:d09f:443->2409:40c4:2024:5958:51ff:38d8:7ac5:9d74:49215_TCP,64:ff9b::9765:d09f,2409:40c4:2024:5958:51ff:38d8:7ac5:9d74,443,49215,TCP,1788060264.630284,1788060266.424223,1.793939,64,66297,61549,36956.1087,35.6757,34309.4187,0.028475,0.169788,3e-06,1.317407,1.793939,1035.8906,476.0124,74,1294,961.7031,476.3948,0,1220,0.9284,1,64,0,0,30,0,0,0,65535,1442.36,425,65535,-1,-1,0
64:ff9b::9765:d09f:443->2409:40c4:2024:5958:51ff:38d8:7ac5:9d74:59118_TCP,64:ff9b::9765:d09f,2409:40c4:2024:5958:51ff:38d8:7ac5:9d74,443,59118,TCP,1788060264.632261,1788060266.456253,1.823992,15,10772,9650,5905.7284,8.2237,5290.594,0.130285,0.274584,3e-06,0.961188,1.823992,718.1333,619.637,74,1294,643.3333,620.5185,0,1220,0.8958,1,15,2,0,4,0,0,0,65535,4765.73,425,65535,-1,-1,0
64:ff9b::9765:d09f:443->2409:40c4:2024:5958:51ff:38d8:7ac5:9d74:61098_TCP,64:ff9b::9765:d09f,2409:40c4:2024:5958:51ff:38d8:7ac5:9d74,443,61098,TCP,1788060264.632271,1788060268.390889,3.758618,16,7282,6086,1937.4142,4.2569,1619.2121,0.250575,0.537123,4e-06,1.941232,3.758618,455.125,566.3874,74,1294,380.375,566.9164,0,1220,0.8358,1,16,6,0,8,0,0,0,65535,4494.44,425,65535,-1,-1,0
64:ff9b::9765:d09f:443->2409:40c4:2024:5958:51ff:38d8:7ac5:9d74:58009_TCP,64:ff9b::9765:d09f,2409:40c4:2024:5958:51ff:38d8:7ac5:9d74,443,58009,TCP,1788060264.635186,1788060270.630422,5.995237,2285,2291727,2119609,382257.9724,381.1359,353548.847,0.002625,0.083348,2e-06,3.96247,5.995237,1002.944,500.1057,74,1294,927.6188,502.5336,0,1220,0.9249,1,2285,0,0,369,0,0,0,65535,449.41,417,65535,-1,-1,0
64:ff9b::9765:d09f:443->2409:40c4:2024:5958:51ff:38d8:7ac5:9d74:51884_TCP,64:ff9b::9765:d09f,2409:40c4:2024:5958:51ff:38d8:7ac5:9d74,443,51884,TCP,1788060264.637674,1788060268.390870,3.753196,16,11626,10430,3097.6267,4.263,2778.9649,0.250213,0.53771,2e-06,1.932706,3.753196,726.625,591.4618,74,1294,651.875,592.3353,0,1220,0.8971,1,16,6,0,8,0,0,0,65535,4494.44,425,65535,-1,-1,0
2409:40c4:2024:5958:51ff:38d8:7ac5:9d74:53225->2404:6800:4013:807::5e:443_UDP,2409:40c4:2024:5958:51ff:38d8:7ac5:9d74,2404:6800:4013:807::5e,53225,443,UDP,1788060264.639032,1788060264.977805,0.338773,81,13095,8073,38654.2007,239.0981,23830.1155,0.004235,0.008272,3e-05,0.059294,0.338773,161.6667,266.5334,93,1292,99.6667,266.5334,31,1230,0.6165,0,0,0,0,0,0,0,0,0,0.0,0,0,-1,-1,0
2404:6800:4013:807::5e:443->2409:40c4:2024:5958:51ff:38d8:7ac5:9d74:53225_UDP,2404:6800:4013:807::5e,2409:40c4:2024:5958:51ff:38d8:7ac5:9d74,443,53225,UDP,1788060264.690389,1788060264.963557,0.273168,325,411568,391418,1506648.7587,1189.7447,1432884.5874,0.000843,0.002696,4e-06,0.03791,0.273168,1266.3631,168.1544,87,1292,1204.3631,168.1544,25,1230,0.951,0,0,0,0,0,0,0,0,0,0.0,0,0,-1,-1,0
fe80::4271:f819:8915:590a:62777->fe80::f8d3:f0ff:febe:3364:53_TCP,fe80::4271:f819:8915:590a,fe80::f8d3:f0ff:febe:3364,62777,53,TCP,1788060266.113899,1788060266.235597,0.121699,6,485,29,3985.2548,49.3021,238.2936,0.02434,0.033459,4.2e-05,0.068859,0.121699,80.8333,10.9255,74,101,4.8333,10.8888,0,27,0.0598,1,5,1,1,2,0,0,0,65535,11092.5,0,65535,-1,-1,0
fe80::4271:f819:8915:590a:63928->fe80::f8d3:f0ff:febe:3364:53_TCP,fe80::4271:f819:8915:590a,fe80::f8d3:f0ff:febe:3364,63928,53,TCP,1788060266.114188,1788060266.154346,0.040157,6,485,29,12077.4998,149.4124,722.1598,0.008031,0.017467,3.3e-05,0.039276,0.040157,80.8333,10.9255,74,101,4.8333,10.8888,0,27,0.0598,1,5,1,0,2,0,0,0,65535,11135.0,255,65535,-1,-1,0
fe80::f8d3:f0ff:febe:3364:53->fe80::4271:f819:8915:590a:62777_TCP,fe80::f8d3:f0ff:febe:3364,fe80::4271:f819:8915:590a,53,62777,TCP,1788060266.114310,1788060266.235640,0.12133,6,586,130,4829.8021,49.4519,1071.4578,0.024266,0.033329,0.0001,0.068645,0.12133,97.6667,52.3132,74,204,21.6667,53.0723,0,130,0.2218,1,6,1,0,1,0,0,0,65535,14335.83,4096,65535,-1,-1,0
fe80::4271:f819:8915:590a:64641->fe80::f8d3:f0ff:febe:3364:53_TCP,fe80::4271:f819:8915:590a,fe80::f8d3:f0ff:febe:3364,64641,53,TCP,1788060266.114440,1788060266.154619,0.040179,6,485,29,12070.8348,149.3299,721.7613,0.008036,0.017629,1.7e-05,0.03957,0.040179,80.8333,10.9255,74,101,4.8333,10.8888,0,27,0.0598,1,5,1,0,2,0,0,0,65535,11135.0,255,65535,-1,-1,0
fe80::f8d3:f0ff:febe:3364:53->fe80::4271:f819:8915:590a:63928_TCP,fe80::f8d3:f0ff:febe:3364,fe80::4271:f819:8915:590a,53,63928,TCP,1788060266.114493,1788060266.154540,0.040047,6,587,131,14657.8026,149.8242,3271.1621,0.008009,0.017216,3.8e-05,0.038805,0.040047,97.8333,52.7197,74,205,21.8333,53.4805,0,131,0.2232,1,6,1,0,1,0,0,0,65535,14335.83,4096,65535,-1,-1,0
fe80::f8d3:f0ff:febe:3364:53->fe80::4271:f819:8915:590a:64641_TCP,fe80::f8d3:f0ff:febe:3364,fe80::4271:f819:8915:590a,53,64641,TCP,1788060266.114726,1788060266.154736,0.04001,5,489,107,12222.0248,124.9696,2674.349,0.010002,0.019507,0.000103,0.039262,0.04001,97.8,46.7996,74,181,21.4,47.8519,0,107,0.2188,1,5,2,0,1,0,0,0,65535,16383.8,4096,65535,-1,-1,0
2409:40c4:2024:5958:51ff:38d8:7ac5:9d74:53382->64:ff9b::ac42:e3:443_TCP,2409:40c4:2024:5958:51ff:38d8:7ac5:9d74,64:ff9b::ac42:e3,53382,443,TCP,1788060266.167235,1788060270.475990,4.308755,17,3935,2665,913.2568,3.9455,618.5081,0.269297,0.883026,0.0,3.560633,4.308755,231.4706,312.7411,74,1314,156.7647,313.1033,0,1240,0.6773,1,16,0,0,8,0,0,0,65535,4094.35,251,65535,-1,-1,0
2409:40c4:2024:5958:51ff:38d8:7ac5:9d74:57454->64:ff9b::ac42:e3:443_TCP,2409:40c4:2024:5958:51ff:38d8:7ac5:9d74,64:ff9b::ac42:e3,57454,443,TCP,1788060266.167372,1788060266.262571,0.0952,6,2183,1727,22930.7148,63.0253,18140.79,0.01904,0.024893,0.0,0.051437,0.0952,363.8333,504.1613,74,1314,287.8333,505.5059,0,1240,0.7911,1,5,1,1,1,0,0,0,65535,11092.5,0,65535,-1,-1,0
64:ff9b::ac42:e3:443->2409:40c4:2024:5958:51ff:38d8:7ac5:9d74:57454_TCP,64:ff9b::ac42:e3,2409:40c4:2024:5958:51ff:38d8:7ac5:9d74,443,57454,TCP,1788060266.207659,1788060267.105556,0.897897,12,8380,7480,9332.9215,13.3646,8330.5791,0.081627,0.148471,3.2e-05,0.475224,0.897897,698.3333,623.6723,74,1294,623.3333,624.7521,0,1220,0.8926,1,12,2,0,2,0,0,0,65535,5476.83,17,65535,-1,-1,0
64:ff9b::ac42:e3:443->2409:40c4:2024:5958:51ff:38d8:7ac5:9d74:53382_TCP,64:ff9b::ac42:e3,2409:40c4:2024:5958:51ff:38d8:7ac5:9d74,443,53382,TCP,1788060266.207687,1788060270.475854,4.268167,24,9852,8052,2308.2511,5.623,1886.5243,0.185572,0.75215,7e-06,3.623285,4.268167,410.5,481.6708,74,1294,335.5,482.3852,0,1220,0.8173,1,24,0,0,12,0,0,0,65535,2745.96,16,65535,-1,-1,0
2409:40c4:2024:5958:51ff:38d8:7ac5:9d74:63824->64:ff9b::ac42:e3:443_TCP,2409:40c4:2024:5958:51ff:38d8:7ac5:9d74,64:ff9b::ac42:e3,63824,443,TCP,1788060266.577655,1788060272.690477,6.112821,47,22792,19278,3728.5565,7.6888,3153.6992,0.132887,0.541691,0.0,3.407939,6.112821,484.9362,499.3388,74,1314,410.1702,499.9724,0,1240,0.8458,1,46,0,0,22,0,0,0,65535,1641.96,251,65535,-1,-1,0
2409:40c4:2024:5958:51ff:38d8:7ac5:9d74:51982->64:ff9b::2236:546e:443_TCP,2409:40c4:2024:5958:51ff:38d8:7ac5:9d74,64:ff9b::2236:546e,51982,443,TCP,1788060266.604570,1788060266.604570,0.0,1,75,1,0.0,0.0,0.0,0.0,0.0,0.0,0.0,0.0,75.0,0.0,75,75,1.0,0.0,1,1,0.0133,0,1,0,0,0,0,0,0,251,251.0,251,251,-1,-1,1
64:ff9b::ac42:e3:443->2409:40c4:2024:5958:51ff:38d8:7ac5:9d74:63824_TCP,64:ff9b::ac42:e3,2409:40c4:2024:5958:51ff:38d8:7ac5:9d74,443,63824,TCP,1788060266.614847,1788060272.679589,6.064742,51,12821,8987,2114.0224,8.4093,1481.8438,0.121295,0.532313,5e-06,3.47451,6.064742,251.3922,347.7292,74,1294,176.2157,348.3181,0,1220,0.701,1,51,0,0,27,0,0,0,65535,1303.16,17,65535,-1,-1,0
64:ff9b::2236:546e:443->2409:40c4:2024:5958:51ff:38d8:7ac5:9d74:51982_TCP,64:ff9b::2236:546e,2409:40c4:2024:5958:51ff:38d8:7ac5:9d74,443,51982,TCP,1788060266.644336,1788060266.644336,0.0,1,86,0,0.0,0.0,0.0,0.0,0.0,0.0,0.0,0.0,86.0,0.0,86,86,0.0,0.0,0,0,0.0,0,1,0,0,0,0,0,0,1029,1029.0,1029,1029,-1,-1,1
172.20.10.6:5353->224.0.0.251:5353_UDP,172.20.10.6,224.0.0.251,5353,5353,UDP,1788060266.872633,1788060274.879560,8.006926,9,1738,1360,217.0621,1.124,169.8529,1.000866,0.997562,0.00025,3.217942,8.006926,193.1111,44.4703,171,310,151.1111,44.4703,129,268,0.7825,0,0,0,0,0,0,0,0,0,0.0,0,0,-1,-1,0
fe80::4271:f819:8915:590a:5353->ff02::fb:5353_UDP,fe80::4271:f819:8915:590a,ff02::fb,5353,5353,UDP,1788060266.873110,1788060274.879956,8.006846,9,1918,1360,239.545,1.124,169.8546,1.000856,0.99768,0.000197,3.21825,8.006846,213.1111,44.4703,191,330,151.1111,44.4703,129,268,0.7091,0,0,0,0,0,0,0,0,0,0.0,0,0,-1,-1,0
fe80::4271:f819:8915:590a:56124->fe80::f8d3:f0ff:febe:3364:53_TCP,fe80::4271:f819:8915:590a,fe80::f8d3:f0ff:febe:3364,56124,53,TCP,1788060266.873591,1788060266.908685,0.035094,6,493,37,14047.9763,170.9693,1054.3106,0.007019,0.012651,5.1e-05,0.029343,0.035094,82.1667,13.9487,74,109,6.1667,14.148,0,35,0.0751,1,5,1,0,2,0,0,0,65535,11135.0,255,65535,-1,-1,0
fe80::4271:f819:8915:590a:52428->fe80::f8d3:f0ff:febe:3364:53_TCP,fe80::4271:f819:8915:590a,fe80::f8d3:f0ff:febe:3364,52428,53,TCP,1788060266.873866,1788060266.908495,0.034629,6,493,37,14236.6767,173.2658,1068.4727,0.006926,0.012615,1.5e-05,0.029178,0.034629,82.1667,13.9487,74,109,6.1667,14.148,0,35,0.0751,1,5,1,0,2,0,0,0,65535,11135.0,255,65535,-1,-1,0
fe80::f8d3:f0ff:febe:3364:53->fe80::4271:f819:8915:590a:56124_TCP,fe80::f8d3:f0ff:febe:3364,fe80::4271:f819:8915:590a,53,56124,TCP,1788060266.874036,1788060266.908945,0.034909,6,509,53,14580.5638,171.8731,1518.212,0.006982,0.012446,4.2e-05,0.028938,0.034909,84.8333,21.2077,74,127,8.8333,21.6372,0,53,0.1041,1,6,1,0,1,0,0,0,65535,14335.83,4096,65535,-1,-1,0
fe80::f8d3:f0ff:febe:3364:53->fe80::4271:f819:8915:590a:52428_TCP,fe80::f8d3:f0ff:febe:3364,fe80::4271:f819:8915:590a,53,52428,TCP,1788060266.874207,1788060266.908902,0.034694,6,521,65,15016.8183,172.9384,1873.4994,0.006939,0.012361,0.00012,0.028748,0.034694,86.8333,26.0032,74,139,10.8333,26.5361,0,65,0.1248,1,6,1,0,1,0,0,0,65535,14335.83,4096,65535,-1,-1,0
172.20.10.6:52487->74.125.250.129:19302_UDP,172.20.10.6,74.125.250.129,52487,19302,UDP,1788060266.935911,1788060270.093521,3.15761,4,248,80,78.5404,1.2668,25.3356,1.052537,1.822788,0.000105,3.157311,3.15761,62.0,0.0,62,62,20.0,0.0,20,20,0.3226,0,0,0,0,0,0,0,0,0,0.0,0,0,-1,-1,0
172.20.10.6:52489->74.125.250.129:19302_UDP,172.20.10.6,74.125.250.129,52489,19302,UDP,1788060266.943039,1788060270.093538,3.150499,4,248,80,78.7177,1.2696,25.3928,1.050166,1.818745,0.000105,3.150272,3.150499,62.0,0.0,62,62,20.0,0.0,20,20,0.3226,0,0,0,0,0,0,0,0,0,0.0,0,0,-1,-1,0
74.125.250.129:19302->172.20.10.6:52489_UDP,74.125.250.129,172.20.10.6,19302,52489,UDP,1788060266.989531,1788060270.160839,3.171308,4,296,128,93.3369,1.2613,40.3619,1.057103,1.830922,6e-06,3.171269,3.171308,74.0,0.0,74,74,32.0,0.0,32,32,0.4324,0,0,0,0,0,0,0,0,0,0.0,0,0,-1,-1,0
74.125.250.129:19302->172.20.10.6:52487_UDP,74.125.250.129,172.20.10.6,19302,52487,UDP,1788060266.989559,1788060270.160946,3.171387,4,296,128,93.3345,1.2613,40.3609,1.057129,1.830976,7e-06,3.171359,3.171387,74.0,0.0,74,74,32.0,0.0,32,32,0.4324,0,0,0,0,0,0,0,0,0,0.0,0,0,-1,-1,0
172.20.10.1:5353->224.0.0.251:5353_UDP,172.20.10.1,224.0.0.251,5353,5353,UDP,1788060269.940457,1788060269.940457,0.0,1,100,58,0.0,0.0,0.0,0.0,0.0,0.0,0.0,0.0,100.0,0.0,100,100,58.0,0.0,58,58,0.58,0,0,0,0,0,0,0,0,0,0.0,0,0,-1,-1,1
fe80::f8d3:f0ff:febe:3364:5353->ff02::fb:5353_UDP,fe80::f8d3:f0ff:febe:3364,ff02::fb,5353,5353,UDP,1788060269.940897,1788060269.940897,0.0,1,120,58,0.0,0.0,0.0,0.0,0.0,0.0,0.0,0.0,120.0,0.0,120,120,58.0,0.0,58,58,0.4833,0,0,0,0,0,0,0,0,0,0.0,0,0,-1,-1,1
fe80::4271:f819:8915:590a:0->ff02::1:ffbe:3364:0_IPv6-ICMP,fe80::4271:f819:8915:590a,ff02::1:ffbe:3364,0,0,IPv6-ICMP,1788060270.073138,1788060270.073138,0.0,1,86,32,0.0,0.0,0.0,0.0,0.0,0.0,0.0,0.0,86.0,0.0,86,86,32.0,0.0,32,32,0.3721,0,0,0,0,0,0,0,0,0,0.0,0,0,-1,-1,1
2409:40c4:2024:5958:51ff:38d8:7ac5:9d74:52488->2001:4860:4864:5:8000::1:19302_UDP,2409:40c4:2024:5958:51ff:38d8:7ac5:9d74,2001:4860:4864:5:8000::1,52488,19302,UDP,1788060270.088933,1788060270.093570,0.004636,4,328,80,70749.8952,862.8036,17256.072,0.001545,0.002486,0.000106,0.004416,0.004636,82.0,0.0,82,82,20.0,0.0,20,20,0.2439,0,0,0,0,0,0,0,0,0,0.0,0,0,-1,-1,0
2409:40c4:2024:5958:51ff:38d8:7ac5:9d74:52490->2001:4860:4864:5:8000::1:19302_UDP,2409:40c4:2024:5958:51ff:38d8:7ac5:9d74,2001:4860:4864:5:8000::1,52490,19302,UDP,1788060270.089042,1788060270.093605,0.004563,4,328,80,71881.0655,876.5984,17531.9672,0.001521,0.002455,0.000101,0.004356,0.004563,82.0,0.0,82,82,20.0,0.0,20,20,0.2439,0,0,0,0,0,0,0,0,0,0.0,0,0,-1,-1,0
fe80::4271:f819:8915:590a:51886->fe80::f8d3:f0ff:febe:3364:53_TCP,fe80::4271:f819:8915:590a,fe80::f8d3:f0ff:febe:3364,51886,53,TCP,1788060270.100456,1788060270.147261,0.046806,6,484,28,10340.6385,128.1897,598.2188,0.009361,0.020503,3.4e-05,0.046034,0.046806,80.6667,10.5578,74,100,4.6667,10.4817,0,26,0.0579,1,5,1,0,2,0,0,0,65535,11135.0,255,65535,-1,-1,0
fe80::4271:f819:8915:590a:65257->fe80::f8d3:f0ff:febe:3364:53_TCP,fe80::4271:f819:8915:590a,fe80::f8d3:f0ff:febe:3364,65257,53,TCP,1788060270.100677,1788060270.142766,0.042089,6,484,28,11499.3154,142.5535,665.2496,0.008418,0.018382,2.9e-05,0.041299,0.042089,80.6667,10.5578,74,100,4.6667,10.4817,0,26,0.0579,1,5,1,0,2,0,0,0,65535,11135.0,255,65535,-1,-1,0
fe80::4271:f819:8915:590a:61882->fe80::f8d3:f0ff:febe:3364:53_TCP,fe80::4271:f819:8915:590a,fe80::f8d3:f0ff:febe:3364,61882,53,TCP,1788060270.100938,1788060270.147457,0.046519,6,484,28,10404.3951,128.9801,601.9072,0.009304,0.020487,1.6e-05,0.045951,0.046519,80.6667,10.5578,74,100,4.6667,10.4817,0,26,0.0579,1,5,1,0,2,0,0,0,65535,11135.0,255,65535,-1,-1,0
fe80::f8d3:f0ff:febe:3364:53->fe80::4271:f819:8915:590a:51886_TCP,fe80::f8d3:f0ff:febe:3364,fe80::4271:f819:8915:590a,53,51886,TCP,1788060270.100969,1788060270.147561,0.046592,5,475,93,10194.9882,107.3157,1996.0714,0.011648,0.022487,9.4e-05,0.045375,0.046592,95.0,40.5832,74,167,18.6,41.5909,0,93,0.1958,1,5,1,0,1,0,0,0,65535,16383.8,4096,65535,-1,-1,0
fe80::f8d3:f0ff:febe:3364:53->fe80::4271:f819:8915:590a:65257_TCP,fe80::f8d3:f0ff:febe:3364,fe80::4271:f819:8915:590a,53,65257,TCP,1788060270.101005,1788060270.142983,0.041979,5,438,56,10433.8883,119.1083,1334.0131,0.010495,0.020109,0.000139,0.040656,0.041979,87.6,24.2652,74,130,11.2,25.044,0,56,0.1279,1,5,1,0,1,0,0,0,65535,16383.8,4096,65535,-1,-1,0
fe80::f8d3:f0ff:febe:3364:53->fe80::4271:f819:8915:590a:61882_TCP,fe80::f8d3:f0ff:febe:3364,fe80::4271:f819:8915:590a,53,61882,TCP,1788060270.101245,1788060270.147788,0.046543,5,426,44,9152.8963,107.4284,945.3696,0.011636,0.022643,5e-06,0.045599,0.046543,85.2,19.0578,74,118,8.8,19.6774,0,44,0.1033,1,5,1,0,1,0,0,0,65535,16383.8,4096,65535,-1,-1,0
2409:40c4:2024:5958:51ff:38d8:7ac5:9d74:62007->64:ff9b::ac42:e3:443_TCP,2409:40c4:2024:5958:51ff:38d8:7ac5:9d74,64:ff9b::ac42:e3,62007,443,TCP,1788060270.147799,1788060271.027431,0.879631,13,3499,2525,3977.8031,14.7789,2870.5209,0.073303,0.109938,0.0,0.307639,0.879631,269.1538,361.4761,74,1314,194.2308,361.9977,0,1240,0.7216,1,12,0,0,6,0,0,0,65535,5276.31,253,65535,-1,-1,0
2001:4860:4864:5:8000::1:19302->2409:40c4:2024:5958:51ff:38d8:7ac5:9d74:52488_UDP,2001:4860:4864:5:8000::1,2409:40c4:2024:5958:51ff:38d8:7ac5:9d74,19302,52488,UDP,1788060270.158060,1788060270.167559,0.009499,4,424,176,44637.0547,421.1043,18528.5887,0.003166,0.005448,1e-05,0.009458,0.009499,106.0,0.0,106,106,44.0,0.0,44,44,0.4151,0,0,0,0,0,0,0,0,0,0.0,0,0,-1,-1,0
2001:4860:4864:5:8000::1:19302->2409:40c4:2024:5958:51ff:38d8:7ac5:9d74:52490_UDP,2001:4860:4864:5:8000::1,2409:40c4:2024:5958:51ff:38d8:7ac5:9d74,19302,52490,UDP,1788060270.158072,1788060270.158231,0.00016,4,424,176,2658273.3871,25078.0508,1103434.2362,5.3e-05,3e-05,2.3e-05,8.3e-05,0.00016,106.0,0.0,106,106,44.0,0.0,44,44,0.4151,0,0,0,0,0,0,0,0,0,0.0,0,0,-1,-1,0
64:ff9b::ac42:e3:443->2409:40c4:2024:5958:51ff:38d8:7ac5:9d74:62007_TCP,64:ff9b::ac42:e3,2409:40c4:2024:5958:51ff:38d8:7ac5:9d74,443,62007,TCP,1788060270.187586,1788060271.027353,0.839767,16,8009,6813,9537.1695,19.0529,8112.9649,0.055984,0.089774,4e-06,0.261351,0.839767,500.5625,526.8361,74,1294,425.8125,527.4738,0,1220,0.8507,1,16,0,0,7,0,0,0,65535,4111.88,17,65535,-1,-1,0
2409:40c4:2024:5958:51ff:38d8:7ac5:9d74:57106->64:ff9b::ac42:e3:443_TCP,2409:40c4:2024:5958:51ff:38d8:7ac5:9d74,64:ff9b::ac42:e3,57106,443,TCP,1788060270.543731,1788060271.370938,0.827206,16,4306,3098,5205.4725,19.3422,3745.1356,0.055147,0.108705,0.0,0.340423,0.827206,269.125,389.628,74,1314,193.625,390.4008,0,1240,0.7195,1,15,0,0,6,0,0,0,65535,4334.81,253,65535,-1,-1,0
64:ff9b::ac42:e3:443->2409:40c4:2024:5958:51ff:38d8:7ac5:9d74:57106_TCP,64:ff9b::ac42:e3,2409:40c4:2024:5958:51ff:38d8:7ac5:9d74,443,57106,TCP,1788060270.581325,1788060271.370740,0.789415,24,14831,13043,18787.3383,30.4023,16522.3689,0.034322,0.088752,4e-06,0.328145,0.789415,617.9583,540.7096,74,1294,543.4583,541.2282,0,1220,0.8794,1,24,0,0,12,0,0,0,65535,2745.96,16,65535,-1,-1,0
fe80::4271:f819:8915:590a:62275->fe80::f8d3:f0ff:febe:3364:53_TCP,fe80::4271:f819:8915:590a,fe80::f8d3:f0ff:febe:3364,62275,53,TCP,1788060270.717655,1788060270.751663,0.034008,6,495,39,14555.4896,176.4302,1146.7961,0.006802,0.00921,2.2e-05,0.019188,0.034008,82.5,14.7207,74,111,6.5,14.9633,0,37,0.0788,1,5,1,1,2,0,0,0,65535,11092.5,0,65535,-1,-1,0
fe80::4271:f819:8915:590a:64488->fe80::f8d3:f0ff:febe:3364:53_TCP,fe80::4271:f819:8915:590a,fe80::f8d3:f0ff:febe:3364,64488,53,TCP,1788060270.717899,1788060270.720252,0.002353,6,495,39,210352.6322,2549.7289,16573.2377,0.000471,0.000674,2.5e-05,0.001555,0.002353,82.5,14.7207,74,111,6.5,14.9633,0,37,0.0788,1,5,1,0,2,0,0,0,65535,11135.0,255,65535,-1,-1,0
fe80::f8d3:f0ff:febe:3364:53->fe80::4271:f819:8915:590a:62275_TCP,fe80::f8d3:f0ff:febe:3364,fe80::4271:f819:8915:590a,53,62275,TCP,1788060270.718090,1788060270.751693,0.033603,5,471,89,14016.6253,148.7964,2648.5768,0.008401,0.009563,5.3e-05,0.018924,0.033603,94.2,38.8098,74,163,17.8,39.802,0,89,0.189,1,5,1,0,1,0,0,0,65535,16383.8,4096,65535,-1,-1,0
fe80::f8d3:f0ff:febe:3364:53->fe80::4271:f819:8915:590a:64488_TCP,fe80::f8d3:f0ff:febe:3364,fe80::4271:f819:8915:590a,53,64488,TCP,1788060270.718584,1788060270.720513,0.001929,5,437,55,226564.9998,2592.2769,28515.0457,0.000482,0.000458,0.000176,0.001164,0.001929,87.4,23.8286,74,129,11.0,24.5967,0,55,0.1259,1,5,2,0,1,0,0,0,65535,16383.8,4096,65535,-1,-1,0
2409:40c4:2024:5958:51ff:38d8:7ac5:9d74:49670->2404:6800:4013:813::54:443_TCP,2409:40c4:2024:5958:51ff:38d8:7ac5:9d74,2404:6800:4013:813::54,49670,443,TCP,1788060270.732934,1788060271.403060,0.670126,53,6535,2589,9751.898,79.0896,3863.4528,0.012887,0.031475,0.0,0.172443,0.670126,123.3019,193.0155,74,1314,48.8491,193.1185,0,1240,0.3962,1,52,0,0,8,0,0,0,65535,1520.21,251,65535,-1,-1,0
fe80::4271:f819:8915:590a:52086->fe80::f8d3:f0ff:febe:3364:53_TCP,fe80::4271:f819:8915:590a,fe80::f8d3:f0ff:febe:3364,52086,53,TCP,1788060270.750680,1788060270.757447,0.006767,6,497,41,73441.6956,886.6201,6058.5705,0.001353,0.002723,1.7e-05,0.006218,0.006767,82.8333,15.4973,74,113,6.8333,15.7787,0,39,0.0825,1,5,1,0,2,0,0,0,65535,11135.0,255,65535,-1,-1,0
fe80::4271:f819:8915:590a:50672->fe80::f8d3:f0ff:febe:3364:53_TCP,fe80::4271:f819:8915:590a,fe80::f8d3:f0ff:febe:3364,50672,53,TCP,1788060270.750813,1788060270.785142,0.03433,6,497,41,14477.1796,174.7748,1194.2945,0.006866,0.015026,2e-05,0.033744,0.03433,82.8333,15.4973,74,113,6.8333,15.7787,0,39,0.0825,1,5,1,0,2,0,0,0,65535,11135.0,255,65535,-1,-1,0
fe80::4271:f819:8915:590a:58690->fe80::f8d3:f0ff:febe:3364:53_TCP,fe80::4271:f819:8915:590a,fe80::f8d3:f0ff:febe:3364,58690,53,TCP,1788060270.750928,1788060270.757539,0.006611,6,497,41,75176.4971,907.5633,6201.6829,0.001322,0.002506,1.9e-05,0.005779,0.006611,82.8333,15.4973,74,113,6.8333,15.7787,0,39,0.0825,1,5,1,0,2,0,0,0,65535,11135.0,255,65535,-1,-1,0
fe80::f8d3:f0ff:febe:3364:53->fe80::4271:f819:8915:590a:52086_TCP,fe80::f8d3:f0ff:febe:3364,fe80::4271:f819:8915:590a,53,52086,TCP,1788060270.751020,1788060270.757708,0.006688,5,610,228,91203.2738,747.5678,34089.0925,0.001672,0.002574,2.9e-05,0.00551,0.006688,122.0,100.7571,74,302,45.6,101.9647,0,228,0.3738,1,5,1,0,1,0,0,0,65535,16383.8,4096,65535,-1,-1,0
fe80::f8d3:f0ff:febe:3364:53->fe80::4271:f819:8915:590a:50672_TCP,fe80::f8d3:f0ff:febe:3364,fe80::4271:f819:8915:590a,53,50672,TCP,1788060270.751198,1788060270.785233,0.034035,5,605,223,17775.7115,146.9067,6552.0391,0.008509,0.016401,6.3e-05,0.033108,0.034035,121.0,98.5241,74,297,44.6,99.7286,0,223,0.3686,1,5,2,0,1,0,0,0,65535,16383.8,4096,65535,-1,-1,0
fe80::f8d3:f0ff:febe:3364:53->fe80::4271:f819:8915:590a:58690_TCP,fe80::f8d3:f0ff:febe:3364,fe80::4271:f819:8915:590a,53,58690,TCP,1788060270.751584,1788060270.757764,0.006181,5,581,199,94004.9618,808.9928,32197.9129,0.001545,0.002419,0.000125,0.005164,0.006181,116.2,87.8077,74,273,39.8,88.9955,0,199,0.3425,1,5,1,0,1,0,0,0,65535,16383.8,4096,65535,-1,-1,0
2404:6800:4013:813::54:443->2409:40c4:2024:5958:51ff:38d8:7ac5:9d74:49670_TCP,2404:6800:4013:813::54,2409:40c4:2024:5958:51ff:38d8:7ac5:9d74,443,49670,TCP,1788060270.781105,1788060271.461121,0.680016,107,119903,111961,176323.72,157.3492,164644.5878,0.006415,0.018587,4e-06,0.119954,0.680016,1120.5888,388.6084,74,1294,1046.3645,389.2142,0,1220,0.9338,1,107,0,0,62,0,0,0,65535,1645.93,1043,65535,-1,-1,0
2409:40c4:2024:5958:51ff:38d8:7ac5:9d74:53557->2405:200:160b:1731::312c:7310:443_TCP,2409:40c4:2024:5958:51ff:38d8:7ac5:9d74,2405:200:160b:1731::312c:7310,53557,443,TCP,1788060270.785506,1788060270.912916,0.12741,16,3740,2544,29354.0139,125.5787,19967.0084,0.008494,0.013146,0.0,0.035735,0.12741,233.75,354.5409,74,1314,159.0,354.8868,0,1240,0.6802,1,15,0,0,3,0,0,0,65535,4334.88,253,65535,-1,-1,0
2405:200:160b:1731::312c:7310:443->2409:40c4:2024:5958:51ff:38d8:7ac5:9d74:53557_TCP,2405:200:160b:1731::312c:7310,2409:40c4:2024:5958:51ff:38d8:7ac5:9d74,443,53557,TCP,1788060270.806727,1788060270.912845,0.106118,26,26749,24813,252067.4055,245.0093,233823.6394,0.004245,0.010423,7e-06,0.03604,0.106118,1028.8077,471.4508,74,1314,954.3462,472.4156,0,1240,0.9276,1,26,0,0,10,0,0,0,64800,2971.58,497,64800,-1,-1,0
2409:40c4:2024:5958:51ff:38d8:7ac5:9d74:56515->2404:6800:4013:813::54:443_UDP,2409:40c4:2024:5958:51ff:38d8:7ac5:9d74,2404:6800:4013:813::54,56515,443,UDP,1788060271.230410,1788060271.401315,0.170905,10,4826,4206,28237.8912,58.512,24610.1472,0.018989,0.021848,4e-05,0.052851,0.170905,482.6,560.9625,95,1292,420.6,560.9625,33,1230,0.8715,0,0,0,0,0,0,0,0,0,0.0,0,0,-1,-1,0
fe80::4271:f819:8915:590a:59695->fe80::f8d3:f0ff:febe:3364:53_TCP,fe80::4271:f819:8915:590a,fe80::f8d3:f0ff:febe:3364,59695,53,TCP,1788060271.237262,1788060271.241624,0.004362,6,495,39,113477.289,1375.4823,8940.6349,0.000872,0.001562,1.5e-05,0.003639,0.004362,82.5,14.7207,74,111,6.5,14.9633,0,37,0.0788,1,5,1,0,2,0,0,0,65535,11135.0,255,65535,-1,-1,0
fe80::4271:f819:8915:590a:56693->fe80::f8d3:f0ff:febe:3364:53_TCP,fe80::4271:f819:8915:590a,fe80::f8d3:f0ff:febe:3364,56693,53,TCP,1788060271.237406,1788060271.241742,0.004336,6,495,39,114169.9467,1383.8781,8995.2079,0.000867,0.001485,1.8e-05,0.003493,0.004336,82.5,14.7207,74,111,6.5,14.9633,0,37,0.0788,1,5,1,0,2,0,0,0,65535,11135.0,255,65535,-1,-1,0
fe80::4271:f819:8915:590a:63495->fe80::f8d3:f0ff:febe:3364:53_TCP,fe80::4271:f819:8915:590a,fe80::f8d3:f0ff:febe:3364,63495,53,TCP,1788060271.237520,1788060271.241839,0.004319,6,495,39,114611.1223,1389.2257,9029.9672,0.000864,0.001324,1.9e-05,0.003165,0.004319,82.5,14.7207,74,111,6.5,14.9633,0,37,0.0788,1,5,1,0,2,0,0,0,65535,11135.0,255,65535,-1,-1,0
fe80::f8d3:f0ff:febe:3364:53->fe80::4271:f819:8915:590a:59695_TCP,fe80::f8d3:f0ff:febe:3364,fe80::4271:f819:8915:590a,53,59695,TCP,1788060271.237767,1788060271.241918,0.004151,5,471,89,113470.2576,1204.5675,21441.3013,0.001038,0.001117,9e-05,0.002648,0.004151,94.2,38.8098,74,163,17.8,39.802,0,89,0.189,1,5,1,0,1,0,0,0,65535,16383.8,4096,65535,-1,-1,0
fe80::f8d3:f0ff:febe:3364:53->fe80::4271:f819:8915:590a:56693_TCP,fe80::f8d3:f0ff:febe:3364,fe80::4271:f819:8915:590a,53,56693,TCP,1788060271.237936,1788060271.241966,0.004031,5,449,67,111388.33,1240.4046,16621.4212,0.001008,0.001232,1.1e-05,0.002789,0.004031,89.8,29.0895,74,141,13.4,29.9633,0,67,0.1492,1,5,1,0,1,0,0,0,65535,16383.8,4096,65535,-1,-1,0
fe80::f8d3:f0ff:febe:3364:53->fe80::4271:f819:8915:590a:63495_TCP,fe80::f8d3:f0ff:febe:3364,fe80::4271:f819:8915:590a,53,63495,TCP,1788060271.238288,1788060271.242111,0.003823,5,437,55,114306.8817,1307.8591,14386.4496,0.000956,0.001083,0.000157,0.002537,0.003823,87.4,23.8286,74,129,11.0,24.5967,0,55,0.1259,1,5,1,0,1,0,0,0,65535,16383.8,4096,65535,-1,-1,0
2409:40c4:2024:5958:51ff:38d8:7ac5:9d74:52648->2404:6800:4013:813::54:443_TCP,2409:40c4:2024:5958:51ff:38d8:7ac5:9d74,2404:6800:4013:813::54,52648,443,TCP,1788060271.242319,1788060271.651048,0.408728,36,5365,2689,13126.0771,88.0781,6578.9416,0.011678,0.025532,0.0,0.124679,0.408728,149.0278,245.6002,74,1314,74.6944,245.6963,0,1240,0.5012,1,35,0,0,6,0,0,0,65535,2067.67,251,65535,-1,-1,0
2404:6800:4013:813::54:443->2409:40c4:2024:5958:51ff:38d8:7ac5:9d74:56515_UDP,2404:6800:4013:813::54,2409:40c4:2024:5958:51ff:38d8:7ac5:9d74,443,56515,UDP,1788060271.279995,1788060271.440697,0.160702,13,10306,9500,64131.3189,80.8953,59115.8092,0.013392,0.019663,6e-06,0.0572,0.160702,792.7692,541.5019,86,1292,730.7692,541.5019,24,1230,0.9218,0,0,0,0,0,0,0,0,0,0.0,0,0,-1,-1,0
2404:6800:4013:813::54:443->2409:40c4:2024:5958:51ff:38d8:7ac5:9d74:52648_TCP,2404:6800:4013:813::54,2409:40c4:2024:5958:51ff:38d8:7ac5:9d74,443,52648,TCP,1788060271.291445,1788060271.711853,0.420408,63,70225,65551,167039.9198,149.8543,155922.1614,0.006781,0.02035,5e-06,0.127885,0.420408,1114.6825,389.2728,74,1294,1040.4921,389.7868,0,1220,0.9334,1,63,0,0,36,0,0,0,65535,2067.92,1044,65535,-1,-1,0
fe80::4271:f819:8915:590a:62353->fe80::f8d3:f0ff:febe:3364:53_TCP,fe80::4271:f819:8915:590a,fe80::f8d3:f0ff:febe:3364,62353,53,TCP,1788060271.673886,1788060271.677554,0.003668,6,493,37,134411.8482,1635.844,10087.7046,0.000734,0.001254,1.6e-05,0.002941,0.003668,82.1667,13.9487,74,109,6.1667,14.148,0,35,0.0751,1,5,1,0,2,0,0,0,65535,11135.0,255,65535,-1,-1,0
fe80::4271:f819:8915:590a:63819->fe80::f8d3:f0ff:febe:3364:53_TCP,fe80::4271:f819:8915:590a,fe80::f8d3:f0ff:febe:3364,63819,53,TCP,1788060271.674035,1788060271.677660,0.003624,6,493,37,136029.9896,1655.5374,10209.1473,0.000725,0.001264,1.9e-05,0.002954,0.003624,82.1667,13.9487,74,109,6.1667,14.148,0,35,0.0751,1,5,1,0,2,0,0,0,65535,11135.0,255,65535,-1,-1,0
fe80::4271:f819:8915:590a:57160->fe80::f8d3:f0ff:febe:3364:53_TCP,fe80::4271:f819:8915:590a,fe80::f8d3:f0ff:febe:3364,57160,53,TCP,1788060271.674143,1788060271.677736,0.003592,6,493,37,137230.6791,1670.1503,10299.2599,0.000718,0.001162,1.5e-05,0.002715,0.003592,82.1667,13.9487,74,109,6.1667,14.148,0,35,0.0751,1,5,1,0,2,0,0,0,65535,11135.0,255,65535,-1,-1,0
fe80::f8d3:f0ff:febe:3364:53->fe80::4271:f819:8915:590a:62353_TCP,fe80::f8d3:f0ff:febe:3364,fe80::4271:f819:8915:590a,53,62353,TCP,1788060271.674396,1788060271.678112,0.003716,5,444,62,119483.5735,1345.5357,16684.6431,0.000929,0.00103,5.9e-05,0.002419,0.003716,88.8,26.8924,74,136,12.4,27.7272,0,62,0.1396,1,5,1,0,1,0,0,0,65535,16383.8,4096,65535,-1,-1,0
fe80::f8d3:f0ff:febe:3364:53->fe80::4271:f819:8915:590a:63819_TCP,fe80::f8d3:f0ff:febe:3364,fe80::4271:f819:8915:590a,53,63819,TCP,1788060271.674524,1788060271.678167,0.003643,5,447,65,122707.8924,1372.5715,17843.4295,0.000911,0.001085,8.5e-05,0.002506,0.003643,89.4,28.2099,74,139,13.0,29.0689,0,65,0.1454,1,5,1,0,1,0,0,0,65535,16383.8,4096,65535,-1,-1,0
fe80::f8d3:f0ff:febe:3364:53->fe80::4271:f819:8915:590a:57160_TCP,fe80::f8d3:f0ff:febe:3364,fe80::4271:f819:8915:590a,53,57160,TCP,1788060271.674894,1788060271.678173,0.00328,5,435,53,132634.6496,1524.5362,16160.0837,0.00082,0.001011,4e-05,0.002306,0.00328,87.0,22.9565,74,127,10.6,23.7023,0,53,0.1218,1,5,1,0,1,0,0,0,65535,16383.8,4096,65535,-1,-1,0
2409:40c4:2024:5958:51ff:38d8:7ac5:9d74:51638->2404:6800:4013:802::5e:443_UDP,2409:40c4:2024:5958:51ff:38d8:7ac5:9d74,2404:6800:4013:802::5e,51638,443,UDP,1788060271.678379,1788060271.902909,0.224529,32,7172,5188,31942.3838,142.5204,23106.1192,0.007243,0.018069,3.9e-05,0.088264,0.224529,224.125,358.2647,93,1292,162.125,358.2647,31,1230,0.7234,0,0,0,0,0,0,0,0,0,0.0,0,0,-1,-1,0
fe80::4271:f819:8915:590a:56973->fe80::f8d3:f0ff:febe:3364:53_UDP,fe80::4271:f819:8915:590a,fe80::f8d3:f0ff:febe:3364,56973,53,UDP,1788060271.705709,1788060271.705709,0.0,1,115,53,0.0,0.0,0.0,0.0,0.0,0.0,0.0,0.0,115.0,0.0,115,115,53.0,0.0,53,53,0.4609,0,0,0,0,0,0,0,0,0,0.0,0,0,-1,-1,1
fe80::4271:f819:8915:590a:59245->fe80::f8d3:f0ff:febe:3364:53_UDP,fe80::4271:f819:8915:590a,fe80::f8d3:f0ff:febe:3364,59245,53,UDP,1788060271.705852,1788060271.705852,0.0,1,115,53,0.0,0.0,0.0,0.0,0.0,0.0,0.0,0.0,115.0,0.0,115,115,53.0,0.0,53,53,0.4609,0,0,0,0,0,0,0,0,0,0.0,0,0,-1,-1,1
fe80::4271:f819:8915:590a:51493->fe80::f8d3:f0ff:febe:3364:53_UDP,fe80::4271:f819:8915:590a,fe80::f8d3:f0ff:febe:3364,51493,53,UDP,1788060271.705983,1788060271.705983,0.0,1,115,53,0.0,0.0,0.0,0.0,0.0,0.0,0.0,0.0,115.0,0.0,115,115,53.0,0.0,53,53,0.4609,0,0,0,0,0,0,0,0,0,0.0,0,0,-1,-1,1
fe80::f8d3:f0ff:febe:3364:53->fe80::4271:f819:8915:590a:56973_UDP,fe80::f8d3:f0ff:febe:3364,fe80::4271:f819:8915:590a,53,56973,UDP,1788060271.726683,1788060271.726683,0.0,1,339,277,0.0,0.0,0.0,0.0,0.0,0.0,0.0,0.0,339.0,0.0,339,339,277.0,0.0,277,277,0.8171,0,0,0,0,0,0,0,0,0,0.0,0,0,-1,-1,1
fe80::f8d3:f0ff:febe:3364:53->fe80::4271:f819:8915:590a:59245_UDP,fe80::f8d3:f0ff:febe:3364,fe80::4271:f819:8915:590a,53,59245,UDP,1788060271.726898,1788060271.726898,0.0,1,243,181,0.0,0.0,0.0,0.0,0.0,0.0,0.0,0.0,243.0,0.0,243,243,181.0,0.0,181,181,0.7449,0,0,0,0,0,0,0,0,0,0.0,0,0,-1,-1,1
fe80::f8d3:f0ff:febe:3364:53->fe80::4271:f819:8915:590a:51493_UDP,fe80::f8d3:f0ff:febe:3364,fe80::4271:f819:8915:590a,53,51493,UDP,1788060271.727147,1788060271.727147,0.0,1,172,110,0.0,0.0,0.0,0.0,0.0,0.0,0.0,0.0,172.0,0.0,172,172,110.0,0.0,110,110,0.6395,0,0,0,0,0,0,0,0,0,0.0,0,0,-1,-1,1
2409:40c4:2024:5958:51ff:38d8:7ac5:9d74:59828->2001:4860:4841:400:::443_UDP,2409:40c4:2024:5958:51ff:38d8:7ac5:9d74,2001:4860:4841:400::,59828,443,UDP,1788060271.728020,1788060272.400441,0.672421,12,6252,5508,9297.7468,17.846,8191.2971,0.061129,0.151317,3e-05,0.513503,0.672421,521.0,571.732,93,1292,459.0,571.732,31,1230,0.881,0,0,0,0,0,0,0,0,0,0.0,0,0,-1,-1,0
2404:6800:4013:802::5e:443->2409:40c4:2024:5958:51ff:38d8:7ac5:9d74:51638_UDP,2404:6800:4013:802::5e,2409:40c4:2024:5958:51ff:38d8:7ac5:9d74,443,51638,UDP,1788060271.759823,1788060271.970447,0.210624,59,69047,65389,327821.1728,280.1201,310453.7296,0.003631,0.011466,5e-06,0.067657,0.210624,1170.2881,351.3603,86,1292,1108.2881,351.3603,24,1230,0.947,0,0,0,0,0,0,0,0,0,0.0,0,0,-1,-1,0
2001:4860:4841:400:::443->2409:40c4:2024:5958:51ff:38d8:7ac5:9d74:59828_UDP,2001:4860:4841:400::,2409:40c4:2024:5958:51ff:38d8:7ac5:9d74,443,59828,UDP,1788060271.769294,1788060272.374835,0.605542,14,7158,6290,11820.8162,23.1198,10387.3894,0.04658,0.140641,7e-06,0.512542,0.605542,511.2857,549.5429,86,1292,449.2857,549.5429,24,1230,0.8787,0,0,0,0,0,0,0,0,0,0.0,0,0,-1,-1,0
2409:40c4:2024:5958:51ff:38d8:7ac5:9d74:52486->2a04:4e42:fe7::396:443_TCP,2409:40c4:2024:5958:51ff:38d8:7ac5:9d74,2a04:4e42:fe7::396,52486,443,TCP,1788060276.895538,1788060276.895538,0.0,1,75,1,0.0,0.0,0.0,0.0,0.0,0.0,0.0,0.0,75.0,0.0,75,75,1.0,0.0,1,1,0.0133,0,1,0,0,0,0,0,0,253,253.0,253,253,-1,-1,1
2a04:4e42:fe7::396:443->2409:40c4:2024:5958:51ff:38d8:7ac5:9d74:52486_TCP,2a04:4e42:fe7::396,2409:40c4:2024:5958:51ff:38d8:7ac5:9d74,443,52486,TCP,1788060276.956012,1788060276.956012,0.0,1,86,0,0.0,0.0,0.0,0.0,0.0,0.0,0.0,0.0,86.0,0.0,86,86,0.0,0.0,0,0,0.0,0,1,0,0,0,0,0,0,425,425.0,425,425,-1,-1,1
172.20.10.6:65090->172.20.10.1:53_UDP,172.20.10.6,172.20.10.1,65090,53,UDP,1788060277.766795,1788060277.766795,0.0,1,80,38,0.0,0.0,0.0,0.0,0.0,0.0,0.0,0.0,80.0,0.0,80,80,38.0,0.0,38,38,0.475,0,0,0,0,0,0,0,0,0,0.0,0,0,-1,-1,1
2409:40c4:2024:5958:51ff:38d8:7ac5:9d74:60602->64:ff9b::6246:c0e0:443_TCP,2409:40c4:2024:5958:51ff:38d8:7ac5:9d74,64:ff9b::6246:c0e0,60602,443,TCP,1788060277.767440,1788060278.802205,1.034765,17,8675,7393,8383.544,16.4288,7144.6157,0.064673,0.147797,0.0,0.566191,1.034765,510.2941,520.7131,74,1314,434.8824,521.9491,0,1240,0.8522,1,16,0,0,5,0,0,0,65535,4095.0,255,65535,-1,-1,0
172.20.10.1:53->172.20.10.6:65090_UDP,172.20.10.1,172.20.10.6,53,65090,UDP,1788060277.769072,1788060277.769072,0.0,1,212,170,0.0,0.0,0.0,0.0,0.0,0.0,0.0,0.0,212.0,0.0,212,212,170.0,0.0,170,170,0.8019,0,0,0,0,0,0,0,0,0,0.0,0,0,-1,-1,1
64:ff9b::6246:c0e0:443->2409:40c4:2024:5958:51ff:38d8:7ac5:9d74:60602_TCP,64:ff9b::6246:c0e0,2409:40c4:2024:5958:51ff:38d8:7ac5:9d74,443,60602,TCP,1788060277.819911,1788060278.802173,0.982262,18,15902,14558,16189.1651,18.3251,14820.8946,0.05778,0.134925,3e-06,0.506505,0.982262,883.4444,546.8165,74,1294,808.7778,547.8522,0,1220,0.9155,1,18,0,0,5,0,0,0,65535,19113.72,16382,65535,-1,-1,0
